Unnamed: 0,Unnamed: 1,Channel,Watch time (mins),Stream time (mins),Peak viewers,Average viewers,Followers,Followers gained,Views gained,Status,Mature,Language,URL
1,https://static-cdn.jtvnw.net/jtv_user_pictures/35b02a12-d516-499e-90f8-7899f136fa18-profile_image-150x150.png?imenable=1&impolicy=user-profile-picture&imwidth=100,riotgames,6881557020,124005,639375,55493,7358758,1099431,140876443.0,Partner,False,English,https://www.twitch.tv/riotgames
2,https://static-cdn.jtvnw.net/jtv_user_pictures/f65f290a-d37e-4c33-bc74-de6049eddf55-profile_image-150x150.png?imenable=1&impolicy=user-profile-picture&imwidth=100,Tfue,5561793255,123705,285644,44959,11537464,3213748,115358446.0,Partner,False,English,https://www.twitch.tv/tfue
3,https://static-cdn.jtvnw.net/jtv_user_pictures/b532ac95-4050-42cb-9d5d-9666a243654c-profile_image-150x150.png?imenable=1&impolicy=user-profile-picture&imwidth=100,ow_esports,4829008335,83940,254493,57528,2407779,583849,107006778.0,Partner,False,English,https://www.twitch.tv/ow_esports
4,https://static-cdn.jtvnw.net/jtv_user_pictures/c1ecbcd5-b8b6-4e0c-9d5f-e01d610aa97d-profile_image-150x150.png?imenable=1&impolicy=user-profile-picture&imwidth=100,ESLCS,4046410380,518220,558083,7807,6807320,873906,113301339.0,Partner,False,English,https://www.twitch.tv/eslcs
5,https://static-cdn.jtvnw.net/jtv_user_pictures/99aa4739-21d6-40af-86ae-4b4d3457fce4-profile_image-150x150.png?imenable=1&impolicy=user-profile-picture&imwidth=100,summit1g,3878960895,179265,75128,21637,6401532,618619,63336048.0,Partner,False,English,https://www.twitch.tv/summit1g
6,https://static-cdn.jtvnw.net/jtv_user_pictures/c754eebf-745b-4e0a-814a-10bcaecaabbc-profile_image-150x150.png?imenable=1&impolicy=user-profile-picture&imwidth=100,shroud,3766627230,121605,201232,30973,11300789,2000233,110083050.0,Partner,False,English,https://www.twitch.tv/shroud
7,https://static-cdn.jtvnw.net/jtv_user_pictures/xqc-profile_image-9298dca608632101-150x150.jpeg?imenable=1&impolicy=user-profile-picture&imwidth=100,xQc,3704779830,207855,81341,17823,12520525,960790,64429446.0,Partner,False,English,https://www.twitch.tv/xqc
8,https://static-cdn.jtvnw.net/jtv_user_pictures/asmongold-profile_image-f7ddcbd0332f5d28-150x150.png?imenable=1&impolicy=user-profile-picture&imwidth=100,Asmongold,3416780520,93705,263720,36462,3430784,630693,65636627.0,Partner,False,English,https://www.twitch.tv/asmongold
9,https://static-cdn.jtvnw.net/jtv_user_pictures/90d40495-f467-4911-9035-72d8d10a49c5-profile_image-150x150.png?imenable=1&impolicy=user-profile-picture&imwidth=100,Ninja,2877777705,68100,274505,42257,19258121,1953068,84007189.0,Partner,False,English,https://www.twitch.tv/ninja
10,https://static-cdn.jtvnw.net/jtv_user_pictures/fc7b15b2-e400-4e74-8c8b-2ad3725e5770-profile_image-150x150.png?imenable=1&impolicy=user-profile-picture&imwidth=100,sodapoppin,2523638610,96240,113049,26221,8966121,360249,48332466.0,Partner,False,English,https://www.twitch.tv/sodapoppin
11,https://static-cdn.jtvnw.net/jtv_user_pictures/b3fc1f16-0818-4121-8711-c31b9469bc21-profile_image-150x150.png?imenable=1&impolicy=user-profile-picture&imwidth=100,GamesDoneQuick,2511646530,68250,219649,36800,2071075,230380,58860871.0,Partner,False,English,https://www.twitch.tv/gamesdonequick
12,https://static-cdn.jtvnw.net/jtv_user_pictures/38e925fc-0b07-4e1e-82e2-6639e01344f3-profile_image-150x150.png?imenable=1&impolicy=user-profile-picture&imwidth=100,LIRIK,2509686420,119040,89170,21082,2996817,209973,49899542.0,Partner,False,English,https://www.twitch.tv/lirik
13,https://static-cdn.jtvnw.net/jtv_user_pictures/b04e20be-6c0b-4379-b163-7f9a928e03f0-profile_image-150x150.png?imenable=1&impolicy=user-profile-picture&imwidth=100,NICKMERCS,2412139740,127215,88144,18960,6766464,1018492,44552109.0,Partner,False,English,https://www.twitch.tv/nickmercs
14,https://static-cdn.jtvnw.net/jtv_user_pictures/7dcd89d5-6700-4b05-b9c9-c7dac61c32db-profile_image-150x150.png?imenable=1&impolicy=user-profile-picture&imwidth=100,TimTheTatman,2332204020,110040,95700,21193,7612246,1010717,50378804.0,Partner,False,English,https://www.twitch.tv/timthetatman
15,https://static-cdn.jtvnw.net/jtv_user_pictures/f3591dbe4ee3d94b-profile_image-150x150.png?imenable=1&impolicy=user-profile-picture&imwidth=100,loltyler1,2084987715,105270,89387,19805,5496662,827723,43379297.0,Partner,False,English,https://www.twitch.tv/loltyler1
16,https://static-cdn.jtvnw.net/user-default-pictures-uv/215b7342-def9-11e9-9a66-784f43822e80-profile_image-150x150.png?imenable=1&impolicy=user-profile-picture&imwidth=100,dakotaz,1902811515,147675,79966,12884,4637303,1015559,33889194.0,Partner,False,English,https://www.twitch.tv/dakotaz
17,https://static-cdn.jtvnw.net/jtv_user_pictures/148c3b8a-a78b-4139-a429-7d3d90ce8a27-profile_image-150x150.png?imenable=1&impolicy=user-profile-picture&imwidth=100,CohhCarnage,1690528845,151035,43615,11192,1714648,140272,32771338.0,Partner,False,English,https://www.twitch.tv/cohhcarnage
18,https://static-cdn.jtvnw.net/jtv_user_pictures/be4e8251-2cd7-453c-8a83-41412cfa48dc-profile_image-150x150.png?imenable=1&impolicy=user-profile-picture&imwidth=100,Lord_Kebun,1684689165,143490,40164,11740,708949,313341,19120428.0,Partner,False,English,https://www.twitch.tv/lord_kebun
19,https://static-cdn.jtvnw.net/jtv_user_pictures/3973e918fe7cc8c8-profile_image-150x150.png?imenable=1&impolicy=user-profile-picture&imwidth=100,MOONMOON,1659814680,134250,40673,12363,1183323,184173,19623107.0,Partner,False,English,https://www.twitch.tv/moonmoon
20,https://static-cdn.jtvnw.net/jtv_user_pictures/72a69c72-14b9-4be8-b8cb-802bc3e5f8ed-profile_image-150x150.png?imenable=1&impolicy=user-profile-picture&imwidth=100,DrDisrespect,1624033110,74970,97540,21661,4450718,862434,46464024.0,Partner,False,English,https://www.twitch.tv/drdisrespect
21,https://static-cdn.jtvnw.net/jtv_user_pictures/forsen-profile_image-48b43e1e4f54b5c8-150x150.png?imenable=1&impolicy=user-profile-picture&imwidth=100,forsen,1427829945,121575,46569,11743,1784606,199442,25248872.0,Partner,False,English,https://www.twitch.tv/forsen
22,https://static-cdn.jtvnw.net/jtv_user_pictures/8f89b1cc-4c97-4e2b-a6d8-b288f3963bc5-profile_image-150x150.png?imenable=1&impolicy=user-profile-picture&imwidth=100,Castro_1021,1399984995,88500,108599,15818,3716579,451658,22607930.0,Partner,False,English,https://www.twitch.tv/castro_1021
23,https://static-cdn.jtvnw.net/jtv_user_pictures/96c7735e-81d8-4799-b99a-f5fc0a09ea64-profile_image-150x150.png?imenable=1&impolicy=user-profile-picture&imwidth=100,PlayHearthstone,1398944115,80460,135243,17386,868451,132549,57311331.0,Partner,False,English,https://www.twitch.tv/playhearthstone
24,https://static-cdn.jtvnw.net/jtv_user_pictures/b8d29c69-1398-4641-9a62-39c2de7296b5-profile_image-150x150.png?imenable=1&impolicy=user-profile-picture&imwidth=100,StarLadder_cs_en,1382653650,52950,329195,26111,944852,390441,36950160.0,Partner,False,English,https://www.twitch.tv/starladder_cs_en
25,https://static-cdn.jtvnw.net/jtv_user_pictures/401068e0-820a-4d9f-9e7c-1e5563398458-profile_image-150x150.png?imenable=1&impolicy=user-profile-picture&imwidth=100,nl_Kripp,1330056060,133710,52924,9946,1519568,120347,22425422.0,Partner,False,English,https://www.twitch.tv/nl_kripp
26,https://static-cdn.jtvnw.net/jtv_user_pictures/f170344d-7a60-47fa-8be6-a74e803fcf12-profile_image-150x150.jpg?imenable=1&impolicy=user-profile-picture&imwidth=100,BeyondTheSummit,1319520990,522375,116547,2525,1172951,124355,39141222.0,Partner,False,English,https://www.twitch.tv/beyondthesummit
27,https://static-cdn.jtvnw.net/jtv_user_pictures/a28b0d37-81d0-415a-8ed8-1a1f998ea26d-profile_image-150x150.png?imenable=1&impolicy=user-profile-picture&imwidth=100,Fextralife,1292529390,103155,48467,12529,1600214,96417,430356036.0,Partner,False,English,https://www.twitch.tv/fextralife
28,https://static-cdn.jtvnw.net/jtv_user_pictures/a6d8c949-cf8d-4e7a-9f92-b7c81002d499-profile_image-150x150.png?imenable=1&impolicy=user-profile-picture&imwidth=100,Vader,1243243275,168375,50421,7383,456694,289065,16242366.0,Partner,False,English,https://www.twitch.tv/vader
29,https://static-cdn.jtvnw.net/jtv_user_pictures/yassuo-profile_image-cfd7ef046e50e94b-150x150.png?imenable=1&impolicy=user-profile-picture&imwidth=100,Yassuo,1179992370,97920,60568,12050,1997969,528923,33500189.0,Partner,False,English,https://www.twitch.tv/yassuo
30,https://static-cdn.jtvnw.net/jtv_user_pictures/a6af42bf-64db-42f6-9db6-88d3e85e4c34-profile_image-150x150.png?imenable=1&impolicy=user-profile-picture&imwidth=100,DrLupo,1154091900,161010,105810,7167,4396717,878029,43461658.0,Partner,False,English,https://www.twitch.tv/drlupo
31,https://static-cdn.jtvnw.net/jtv_user_pictures/thijs-profile_image-d1855265a6df68d1-150x150.png?imenable=1&impolicy=user-profile-picture&imwidth=100,Thijs,1133804880,122640,28869,9244,796420,133152,22072550.0,Partner,False,English,https://www.twitch.tv/thijs
32,https://static-cdn.jtvnw.net/jtv_user_pictures/1d41de3c-731d-41ae-b0e7-615ad74db8f3-profile_image-150x150.png?imenable=1&impolicy=user-profile-picture&imwidth=100,Symfuhny,1116999495,142620,45671,7831,4124272,1195697,26913357.0,Partner,False,English,https://www.twitch.tv/symfuhny
33,https://static-cdn.jtvnw.net/jtv_user_pictures/4a6fb75f-7184-4d73-9ed5-669bc15ebbe2-profile_image-150x150.png?imenable=1&impolicy=user-profile-picture&imwidth=100,dota2ti,1105956510,7965,483530,138851,1328351,147846,17756875.0,Partner,False,English,https://www.twitch.tv/dota2ti
34,https://static-cdn.jtvnw.net/jtv_user_pictures/d57c5237-ca9d-432c-9560-d5e62b28ce80-profile_image-150x150.png?imenable=1&impolicy=user-profile-picture&imwidth=100,AdmiralBahroo,1104351480,142635,54643,7742,843917,123411,13965981.0,Partner,False,English,https://www.twitch.tv/admiralbahroo
35,https://static-cdn.jtvnw.net/jtv_user_pictures/91e7b44f-d4e8-4121-a19c-e9266358a08a-profile_image-150x150.png?imenable=1&impolicy=user-profile-picture&imwidth=100,Method,1078439925,49545,148350,21766,441327,227967,33652276.0,Partner,False,English,https://www.twitch.tv/method
36,https://static-cdn.jtvnw.net/jtv_user_pictures/gorgc-profile_image-469e05d25a1e8594-150x150.jpeg?imenable=1&impolicy=user-profile-picture&imwidth=100,Gorgc,1030974225,138150,24058,7462,774286,132438,17823696.0,Partner,False,English,https://www.twitch.tv/gorgc
37,https://static-cdn.jtvnw.net/jtv_user_pictures/875051f0-fd79-409f-bd1c-5a1eac2f7684-profile_image-150x150.png?imenable=1&impolicy=user-profile-picture&imwidth=100,DisguisedToast,994458480,90840,38169,10946,2833929,409685,20223713.0,Partner,False,English,https://www.twitch.tv/disguisedtoast
38,https://static-cdn.jtvnw.net/jtv_user_pictures/maximilian_dood-profile_image-c6e12e1798861491-150x150.png?imenable=1&impolicy=user-profile-picture&imwidth=100,Maximilian_DOOD,986991840,111045,27773,8887,1361738,152322,13076509.0,Partner,False,English,https://www.twitch.tv/maximilian_dood
39,https://static-cdn.jtvnw.net/jtv_user_pictures/6c5ba4a1-5c61-4ff6-a7f4-ac791c19aef2-profile_image-150x150.png?imenable=1&impolicy=user-profile-picture&imwidth=100,TFBlade,959073765,134850,53026,7111,1235270,438105,28313966.0,Partner,False,English,https://www.twitch.tv/tfblade
40,https://static-cdn.jtvnw.net/jtv_user_pictures/2f5addde-fd0d-4a10-82a9-ea91ebb17f8d-profile_image-150x150.png?imenable=1&impolicy=user-profile-picture&imwidth=100,Quin69,947794245,191130,36742,4958,950819,99042,18755201.0,Partner,False,English,https://www.twitch.tv/quin69
41,https://static-cdn.jtvnw.net/jtv_user_pictures/38bcb747-1d2e-42c0-ad59-6f11fa5e8c86-profile_image-150x150.png?imenable=1&impolicy=user-profile-picture&imwidth=100,RocketLeague,939148410,26295,206681,35715,4852987,270693,31791081.0,Partner,False,English,https://www.twitch.tv/rocketleague
42,https://static-cdn.jtvnw.net/jtv_user_pictures/admiralbulldog-profile_image-888d5b80958e636f-150x150.jpeg?imenable=1&impolicy=user-profile-picture&imwidth=100,AdmiralBulldog,918354705,151155,23395,6075,778902,104093,18188242.0,Partner,False,English,https://www.twitch.tv/admiralbulldog
43,https://static-cdn.jtvnw.net/jtv_user_pictures/75260307-584a-4eb7-99ba-d2708d27795e-profile_image-150x150.png?imenable=1&impolicy=user-profile-picture&imwidth=100,SypherPK,891274365,145800,130401,6112,7228305,870718,24777643.0,Partner,False,English,https://www.twitch.tv/sypherpk
44,https://static-cdn.jtvnw.net/jtv_user_pictures/80542f40-4016-499d-9965-19197a5a0006-profile_image-150x150.png?imenable=1&impolicy=user-profile-picture&imwidth=100,Fortnite,857115045,19830,488539,43222,6362098,1117802,41630649.0,Partner,False,English,https://www.twitch.tv/fortnite
45,https://static-cdn.jtvnw.net/jtv_user_pictures/imaqtpie-profile_image-8efb10b7bed60d76-150x150.jpeg?imenable=1&impolicy=user-profile-picture&imwidth=100,imaqtpie,856540335,170115,26056,5034,2575023,116375,21590766.0,Partner,False,English,https://www.twitch.tv/imaqtpie
46,https://static-cdn.jtvnw.net/jtv_user_pictures/929b9591-07c5-4adb-adf0-5f0897332391-profile_image-150x150.png?imenable=1&impolicy=user-profile-picture&imwidth=100,Rainbow6,852846615,67290,143645,12673,3249894,339870,15109929.0,Partner,False,English,https://www.twitch.tv/rainbow6
47,https://static-cdn.jtvnw.net/jtv_user_pictures/9da37209-4a33-4625-a485-092ae8c00e4c-profile_image-150x150.png?imenable=1&impolicy=user-profile-picture&imwidth=100,callofduty,852845430,33015,170131,25831,2385805,179450,15946548.0,Partner,False,English,https://www.twitch.tv/callofduty
48,https://static-cdn.jtvnw.net/jtv_user_pictures/07156e3d-eac2-4d5f-acc1-8a942a59e6e2-profile_image-150x150.png?imenable=1&impolicy=user-profile-picture&imwidth=100,chocoTaco,849726315,171645,18878,4950,1316236,454559,21765038.0,Partner,False,English,https://www.twitch.tv/chocotaco
49,https://static-cdn.jtvnw.net/jtv_user_pictures/da28bd64-f6a1-4b49-9b6b-0a6faf94c700-profile_image-150x150.jpg?imenable=1&impolicy=user-profile-picture&imwidth=100,Fresh,843843750,156450,20385,5393,4469784,1328834,16517896.0,Community,False,English,https://www.twitch.tv/fresh
50,https://static-cdn.jtvnw.net/jtv_user_pictures/941b4ebc-23c9-4bee-893c-ac636a11ef4f-profile_image-150x150.png?imenable=1&impolicy=user-profile-picture&imwidth=100,dasMEHDI,830411580,208185,12241,3988,463653,92440,5030528.0,Partner,True,English,https://www.twitch.tv/dasmehdi
1,https://static-cdn.jtvnw.net/jtv_user_pictures/xqc-profile_image-9298dca608632101-150x150.jpeg?imenable=1&impolicy=user-profile-picture&imwidth=100,xQc,8847081540,215010,222720,41146,12520525,5364951,132751155.0,Partner,False,English,https://www.twitch.tv/xqc
2,https://static-cdn.jtvnw.net/jtv_user_pictures/99aa4739-21d6-40af-86ae-4b4d3457fce4-profile_image-150x150.png?imenable=1&impolicy=user-profile-picture&imwidth=100,summit1g,6505033950,221550,310998,29361,6401532,1696810,94561929.0,Partner,False,English,https://www.twitch.tv/summit1g
3,https://static-cdn.jtvnw.net/jtv_user_pictures/c1ecbcd5-b8b6-4e0c-9d5f-e01d610aa97d-profile_image-150x150.png?imenable=1&impolicy=user-profile-picture&imwidth=100,ESLCS,4786942590,518580,300575,9230,6807320,892718,128514894.0,Partner,False,English,https://www.twitch.tv/eslcs
4,https://static-cdn.jtvnw.net/jtv_user_pictures/b04e20be-6c0b-4379-b163-7f9a928e03f0-profile_image-150x150.png?imenable=1&impolicy=user-profile-picture&imwidth=100,NICKMERCS,4406970885,127065,163241,34682,6766464,1691981,54622518.0,Partner,False,English,https://www.twitch.tv/nickmercs
5,https://static-cdn.jtvnw.net/jtv_user_pictures/f3591dbe4ee3d94b-profile_image-150x150.png?imenable=1&impolicy=user-profile-picture&imwidth=100,loltyler1,4096418850,143265,105499,28593,5496662,1059740,67469321.0,Partner,False,English,https://www.twitch.tv/loltyler1
6,https://static-cdn.jtvnw.net/jtv_user_pictures/a28b0d37-81d0-415a-8ed8-1a1f998ea26d-profile_image-150x150.png?imenable=1&impolicy=user-profile-picture&imwidth=100,Fextralife,4009993485,175785,68795,22811,1600214,445534,720291870.0,Partner,False,English,https://www.twitch.tv/fextralife
7,https://static-cdn.jtvnw.net/jtv_user_pictures/7dcd89d5-6700-4b05-b9c9-c7dac61c32db-profile_image-150x150.png?imenable=1&impolicy=user-profile-picture&imwidth=100,TimTheTatman,3427872990,106380,335403,32222,7612246,1729529,56882290.0,Partner,False,English,https://www.twitch.tv/timthetatman
8,https://static-cdn.jtvnw.net/jtv_user_pictures/asmongold-profile_image-f7ddcbd0332f5d28-150x150.png?imenable=1&impolicy=user-profile-picture&imwidth=100,Asmongold,3316320495,76545,187953,43324,3430784,549313,52747691.0,Partner,False,English,https://www.twitch.tv/asmongold
9,https://static-cdn.jtvnw.net/jtv_user_pictures/f65f290a-d37e-4c33-bc74-de6049eddf55-profile_image-150x150.png?imenable=1&impolicy=user-profile-picture&imwidth=100,Tfue,3147036030,137475,190173,22891,11537464,2429948,73128517.0,Partner,False,English,https://www.twitch.tv/tfue
10,https://static-cdn.jtvnw.net/jtv_user_pictures/fc7b15b2-e400-4e74-8c8b-2ad3725e5770-profile_image-150x150.png?imenable=1&impolicy=user-profile-picture&imwidth=100,sodapoppin,3136184805,158025,107432,19845,8966121,3359738,45684665.0,Partner,False,English,https://www.twitch.tv/sodapoppin
11,https://static-cdn.jtvnw.net/jtv_user_pictures/0347a9aa-e396-49a5-b0f1-31261704bab8-profile_image-150x150.jpeg?imenable=1&impolicy=user-profile-picture&imwidth=100,HasanAbi,3112536060,219060,226974,14208,3059503,696043,35128890.0,Partner,False,English,https://www.twitch.tv/hasanabi
12,https://static-cdn.jtvnw.net/jtv_user_pictures/38e925fc-0b07-4e1e-82e2-6639e01344f3-profile_image-150x150.png?imenable=1&impolicy=user-profile-picture&imwidth=100,LIRIK,2960718870,131790,75174,22465,2996817,177286,46539266.0,Partner,False,English,https://www.twitch.tv/lirik
13,https://static-cdn.jtvnw.net/jtv_user_pictures/anomaly-profile_image-0be1a6abbc7a9f45-150x150.png?imenable=1&impolicy=user-profile-picture&imwidth=100,Anomaly,2854183800,87780,125408,32514,2848863,1441033,36164772.0,Partner,False,English,https://www.twitch.tv/anomaly
14,https://static-cdn.jtvnw.net/jtv_user_pictures/35b02a12-d516-499e-90f8-7899f136fa18-profile_image-150x150.png?imenable=1&impolicy=user-profile-picture&imwidth=100,riotgames,2351079105,78180,654205,30072,7358758,634937,47142006.0,Partner,False,English,https://www.twitch.tv/riotgames
15,https://static-cdn.jtvnw.net/jtv_user_pictures/6d33e15c-f918-468f-9a29-f56399786532-profile_image-150x150.png?imenable=1&impolicy=user-profile-picture&imwidth=100,Pestily,2234889600,136515,226470,16370,1480663,582368,29967281.0,Partner,False,English,https://www.twitch.tv/pestily
16,https://static-cdn.jtvnw.net/jtv_user_pictures/148c3b8a-a78b-4139-a429-7d3d90ce8a27-profile_image-150x150.png?imenable=1&impolicy=user-profile-picture&imwidth=100,CohhCarnage,2198814150,187965,66023,11697,1714648,126778,39815294.0,Partner,False,English,https://www.twitch.tv/cohhcarnage
17,https://static-cdn.jtvnw.net/jtv_user_pictures/8f89b1cc-4c97-4e2b-a6d8-b288f3963bc5-profile_image-150x150.png?imenable=1&impolicy=user-profile-picture&imwidth=100,Castro_1021,2138813655,106095,125133,20158,3716579,613935,24468184.0,Partner,False,English,https://www.twitch.tv/castro_1021
18,https://static-cdn.jtvnw.net/jtv_user_pictures/b3fc1f16-0818-4121-8711-c31b9469bc21-profile_image-150x150.png?imenable=1&impolicy=user-profile-picture&imwidth=100,GamesDoneQuick,2090488575,98235,234826,21280,2071075,154959,49832354.0,Partner,False,English,https://www.twitch.tv/gamesdonequick
19,https://static-cdn.jtvnw.net/jtv_user_pictures/38bcb747-1d2e-42c0-ad59-6f11fa5e8c86-profile_image-150x150.png?imenable=1&impolicy=user-profile-picture&imwidth=100,RocketLeague,2004013905,43500,204724,46068,4852987,1144278,77051892.0,Partner,False,English,https://www.twitch.tv/rocketleague
20,https://static-cdn.jtvnw.net/jtv_user_pictures/ab4a35d8-8008-41b8-b0e5-db622e4c0a6f-profile_image-150x150.png?imenable=1&impolicy=user-profile-picture&imwidth=100,ROSHTEIN,1948732350,153795,36442,12670,1041742,218282,22103995.0,Community,True,English,https://www.twitch.tv/roshtein
21,https://static-cdn.jtvnw.net/jtv_user_pictures/a6af42bf-64db-42f6-9db6-88d3e85e4c34-profile_image-150x150.png?imenable=1&impolicy=user-profile-picture&imwidth=100,DrLupo,1919749845,178680,131048,10743,4396717,679691,59385508.0,Partner,False,English,https://www.twitch.tv/drlupo
22,https://static-cdn.jtvnw.net/jtv_user_pictures/b470b382-2bd7-489f-9755-1af47d0b0f6f-profile_image-150x150.png?imenable=1&impolicy=user-profile-picture&imwidth=100,LEC,1912132740,57570,388794,33213,2109683,678235,33166233.0,Partner,False,English,https://www.twitch.tv/lec
23,https://static-cdn.jtvnw.net/jtv_user_pictures/c754eebf-745b-4e0a-814a-10bcaecaabbc-profile_image-150x150.png?imenable=1&impolicy=user-profile-picture&imwidth=100,shroud,1893472500,64290,471281,29451,11300789,1466672,51619777.0,Partner,False,English,https://www.twitch.tv/shroud
24,https://static-cdn.jtvnw.net/jtv_user_pictures/3c3396bb-67d9-480c-95e5-2970a1f2aed4-profile_image-150x150.png?imenable=1&impolicy=user-profile-picture&imwidth=100,LCS,1854319605,36945,241509,50191,1967330,580815,34291706.0,Partner,False,English,https://www.twitch.tv/lcs
25,https://static-cdn.jtvnw.net/jtv_user_pictures/f700cd74-e74c-42a4-ba5b-18efb486eb92-profile_image-150x150.png?imenable=1&impolicy=user-profile-picture&imwidth=100,Clix,1820752545,93675,81926,19436,8581081,2247446,50119640.0,Partner,False,English,https://www.twitch.tv/clix
26,https://static-cdn.jtvnw.net/jtv_user_pictures/0b0601ac-1ec9-4d63-89a4-f8d3d14e6e78-profile_image-150x150.png?imenable=1&impolicy=user-profile-picture&imwidth=100,Mizkif,1737593715,146370,110172,11870,2156606,635429,24439339.0,Partner,False,English,https://www.twitch.tv/mizkif
27,https://static-cdn.jtvnw.net/jtv_user_pictures/1d41de3c-731d-41ae-b0e7-615ad74db8f3-profile_image-150x150.png?imenable=1&impolicy=user-profile-picture&imwidth=100,Symfuhny,1677642645,166605,46532,10069,4124272,1055511,27717285.0,Partner,False,English,https://www.twitch.tv/symfuhny
28,https://static-cdn.jtvnw.net/jtv_user_pictures/3973e918fe7cc8c8-profile_image-150x150.png?imenable=1&impolicy=user-profile-picture&imwidth=100,MOONMOON,1629985590,122385,29193,13318,1183323,147659,13826887.0,Partner,False,English,https://www.twitch.tv/moonmoon
29,https://static-cdn.jtvnw.net/jtv_user_pictures/4334880b-4016-4106-bcb9-5626b0ec8d0b-profile_image-150x150.png?imenable=1&impolicy=user-profile-picture&imwidth=100,Myth,1529436450,129390,122552,11819,7263528,1474518,44676332.0,Partner,False,English,https://www.twitch.tv/myth
30,https://static-cdn.jtvnw.net/jtv_user_pictures/8dcaf96d-68ee-4fc6-bfdc-fdfc564e134a-profile_image-150x150.png?imenable=1&impolicy=user-profile-picture&imwidth=100,LVNDMARK,1493005860,259620,96236,5750,1483913,361377,18422588.0,Partner,False,English,https://www.twitch.tv/lvndmark
31,https://static-cdn.jtvnw.net/jtv_user_pictures/f1e8adff-7097-4513-ab5c-e6f0f4ca44d2-profile_image-150x150.png?imenable=1&impolicy=user-profile-picture&imwidth=100,Swagg,1465357245,138090,74199,10611,2387538,1072563,18071488.0,Partner,False,English,https://www.twitch.tv/swagg
32,https://static-cdn.jtvnw.net/jtv_user_pictures/da28bd64-f6a1-4b49-9b6b-0a6faf94c700-profile_image-150x150.jpg?imenable=1&impolicy=user-profile-picture&imwidth=100,Fresh,1457813985,126480,57431,11525,4469784,2283932,29864492.0,Community,False,English,https://www.twitch.tv/fresh
33,https://static-cdn.jtvnw.net/jtv_user_pictures/be4e8251-2cd7-453c-8a83-41412cfa48dc-profile_image-150x150.png?imenable=1&impolicy=user-profile-picture&imwidth=100,Lord_Kebun,1442221950,118965,34830,12122,708949,93648,15142634.0,Partner,False,English,https://www.twitch.tv/lord_kebun
34,https://static-cdn.jtvnw.net/jtv_user_pictures/d0bd11ee-bd2e-4143-9171-b0b85875a94a-profile_image-150x150.png?imenable=1&impolicy=user-profile-picture&imwidth=100,LCK,1420207680,37320,171861,38054,2061479,329046,30457424.0,Partner,False,English,https://www.twitch.tv/lck
35,https://static-cdn.jtvnw.net/jtv_user_pictures/1f47965f-7961-4b64-ad6f-71808d7d7fe9-profile_image-150x150.png?imenable=1&impolicy=user-profile-picture&imwidth=100,Trainwreckstv,1414694340,143370,82731,9866,2241071,632716,20218314.0,Partner,True,English,https://www.twitch.tv/trainwreckstv
36,https://static-cdn.jtvnw.net/jtv_user_pictures/2f5addde-fd0d-4a10-82a9-ea91ebb17f8d-profile_image-150x150.png?imenable=1&impolicy=user-profile-picture&imwidth=100,Quin69,1411312050,176655,22694,7988,950819,76847,19191344.0,Partner,False,English,https://www.twitch.tv/quin69
37,https://static-cdn.jtvnw.net/jtv_user_pictures/912232e8-9e53-4fb7-aac4-14aed07869ca-profile_image-150x150.png?imenable=1&impolicy=user-profile-picture&imwidth=100,pokimane,1394253495,62610,112160,22268,9457627,3181718,60372864.0,Partner,False,English,https://www.twitch.tv/pokimane
38,https://static-cdn.jtvnw.net/jtv_user_pictures/401068e0-820a-4d9f-9e7c-1e5563398458-profile_image-150x150.png?imenable=1&impolicy=user-profile-picture&imwidth=100,nl_Kripp,1383436815,156690,36027,8828,1519568,50257,18620329.0,Partner,False,English,https://www.twitch.tv/nl_kripp
39,https://static-cdn.jtvnw.net/jtv_user_pictures/gorgc-profile_image-469e05d25a1e8594-150x150.jpeg?imenable=1&impolicy=user-profile-picture&imwidth=100,Gorgc,1354764555,142620,56449,9498,774286,129394,22442012.0,Partner,False,English,https://www.twitch.tv/gorgc
40,https://static-cdn.jtvnw.net/jtv_user_pictures/feea7bcc-6e6c-489d-9a58-20058fc8be7a-profile_image-150x150.png?imenable=1&impolicy=user-profile-picture&imwidth=100,Sykkuno,1325795070,96660,104187,13715,3785931,2201662,26741138.0,Partner,False,English,https://www.twitch.tv/sykkuno
41,https://static-cdn.jtvnw.net/jtv_user_pictures/d57c5237-ca9d-432c-9560-d5e62b28ce80-profile_image-150x150.png?imenable=1&impolicy=user-profile-picture&imwidth=100,AdmiralBahroo,1324994715,148080,34541,8947,843917,61539,14148321.0,Partner,False,English,https://www.twitch.tv/admiralbahroo
42,https://static-cdn.jtvnw.net/jtv_user_pictures/3abf196b-0d2f-44f3-93b2-e5121219899f-profile_image-150x150.png?imenable=1&impolicy=user-profile-picture&imwidth=100,ONSCREEN,1286649990,144015,88516,8933,873421,665664,27892584.0,Partner,False,English,https://www.twitch.tv/onscreen
43,https://static-cdn.jtvnw.net/jtv_user_pictures/941b4ebc-23c9-4bee-893c-ac636a11ef4f-profile_image-150x150.png?imenable=1&impolicy=user-profile-picture&imwidth=100,dasMEHDI,1286256225,246720,47683,5213,463653,84555,8492805.0,Partner,True,English,https://www.twitch.tv/dasmehdi
44,https://static-cdn.jtvnw.net/jtv_user_pictures/694247cc-a141-4f2b-93cc-02687d045399-profile_image-150x150.png?imenable=1&impolicy=user-profile-picture&imwidth=100,sneakylol,1283476395,218475,22399,5874,1726409,136163,19090096.0,Partner,False,English,https://www.twitch.tv/sneakylol
45,https://static-cdn.jtvnw.net/jtv_user_pictures/f170344d-7a60-47fa-8be6-a74e803fcf12-profile_image-150x150.jpg?imenable=1&impolicy=user-profile-picture&imwidth=100,BeyondTheSummit,1279114110,507810,65878,2518,1172951,77976,42667523.0,Partner,False,English,https://www.twitch.tv/beyondthesummit
46,https://static-cdn.jtvnw.net/jtv_user_pictures/6c5ba4a1-5c61-4ff6-a7f4-ac791c19aef2-profile_image-150x150.png?imenable=1&impolicy=user-profile-picture&imwidth=100,TFBlade,1272145140,129390,35833,9831,1235270,339414,32188915.0,Partner,False,English,https://www.twitch.tv/tfblade
47,https://static-cdn.jtvnw.net/jtv_user_pictures/72a69c72-14b9-4be8-b8cb-802bc3e5f8ed-profile_image-150x150.png?imenable=1&impolicy=user-profile-picture&imwidth=100,DrDisrespect,1241722230,44280,66836,28042,4450718,545906,27637218.0,Partner,False,English,https://www.twitch.tv/drdisrespect
48,https://static-cdn.jtvnw.net/jtv_user_pictures/forsen-profile_image-48b43e1e4f54b5c8-150x150.png?imenable=1&impolicy=user-profile-picture&imwidth=100,forsen,1220588490,104775,56262,11649,1784606,219230,18996092.0,Partner,False,English,https://www.twitch.tv/forsen
49,https://static-cdn.jtvnw.net/jtv_user_pictures/f7d41bcc-5e5c-48b1-a2fd-a963c45b66a1-profile_image-150x150.jpeg?imenable=1&impolicy=user-profile-picture&imwidth=100,Bugha,1204613835,97845,62529,12310,5489387,2350047,41152860.0,Partner,False,English,https://www.twitch.tv/bugha
50,https://static-cdn.jtvnw.net/jtv_user_pictures/yassuo-profile_image-cfd7ef046e50e94b-150x150.png?imenable=1&impolicy=user-profile-picture&imwidth=100,Yassuo,1176158220,112110,70587,10490,1997969,582206,31155313.0,Partner,False,English,https://www.twitch.tv/yassuo
1,https://static-cdn.jtvnw.net/jtv_user_pictures/xqc-profile_image-9298dca608632101-150x150.jpeg?imenable=1&impolicy=user-profile-picture&imwidth=100,xQc,16355625675,218100,175453,74991,12520525,2496466,221231390.0,Partner,False,English,https://www.twitch.tv/xqc
2,https://static-cdn.jtvnw.net/jtv_user_pictures/99aa4739-21d6-40af-86ae-4b4d3457fce4-profile_image-150x150.png?imenable=1&impolicy=user-profile-picture&imwidth=100,summit1g,5508843420,216870,106801,25401,6401532,291068,74516866.0,Partner,False,English,https://www.twitch.tv/summit1g
3,https://static-cdn.jtvnw.net/jtv_user_pictures/c754eebf-745b-4e0a-814a-10bcaecaabbc-profile_image-150x150.png?imenable=1&impolicy=user-profile-picture&imwidth=100,shroud,5097450900,150975,340617,33763,11300789,1191248,125009176.0,Partner,False,English,https://www.twitch.tv/shroud
4,https://static-cdn.jtvnw.net/jtv_user_pictures/0347a9aa-e396-49a5-b0f1-31261704bab8-profile_image-150x150.jpeg?imenable=1&impolicy=user-profile-picture&imwidth=100,HasanAbi,4934399820,181320,223056,27213,3059503,885087,54284621.0,Partner,False,English,https://www.twitch.tv/hasanabi
5,https://static-cdn.jtvnw.net/jtv_user_pictures/b04e20be-6c0b-4379-b163-7f9a928e03f0-profile_image-150x150.png?imenable=1&impolicy=user-profile-picture&imwidth=100,NICKMERCS,4822221525,114660,371609,42056,6766464,1424950,66218881.0,Partner,False,English,https://www.twitch.tv/nickmercs
6,https://static-cdn.jtvnw.net/jtv_user_pictures/f3591dbe4ee3d94b-profile_image-150x150.png?imenable=1&impolicy=user-profile-picture&imwidth=100,loltyler1,4605786840,160485,98136,28699,5496662,723978,75783827.0,Partner,False,English,https://www.twitch.tv/loltyler1
7,https://static-cdn.jtvnw.net/jtv_user_pictures/c1ecbcd5-b8b6-4e0c-9d5f-e01d610aa97d-profile_image-150x150.png?imenable=1&impolicy=user-profile-picture&imwidth=100,ESLCS,4493018730,491835,267681,9135,6807320,788238,140684539.0,Partner,False,English,https://www.twitch.tv/eslcs
8,https://static-cdn.jtvnw.net/jtv_user_pictures/f067a235-27d9-415d-b25f-15387d7c972e-profile_image-150x150.png?imenable=1&impolicy=user-profile-picture&imwidth=100,RanbooLive,4072643340,54105,346132,75273,4272591,3538030,61090108.0,Partner,False,English,https://www.twitch.tv/ranboolive
9,https://static-cdn.jtvnw.net/jtv_user_pictures/feea7bcc-6e6c-489d-9a58-20058fc8be7a-profile_image-150x150.png?imenable=1&impolicy=user-profile-picture&imwidth=100,Sykkuno,3628816335,111180,108251,32639,3785931,1620075,63181498.0,Partner,False,English,https://www.twitch.tv/sykkuno
10,https://static-cdn.jtvnw.net/jtv_user_pictures/ab4a35d8-8008-41b8-b0e5-db622e4c0a6f-profile_image-150x150.png?imenable=1&impolicy=user-profile-picture&imwidth=100,ROSHTEIN,3598748400,197220,67600,18247,1041742,395159,43754957.0,Community,True,English,https://www.twitch.tv/roshtein
11,https://static-cdn.jtvnw.net/jtv_user_pictures/35b02a12-d516-499e-90f8-7899f136fa18-profile_image-150x150.png?imenable=1&impolicy=user-profile-picture&imwidth=100,riotgames,3499326975,92535,854781,37816,7358758,1031458,72611631.0,Partner,False,English,https://www.twitch.tv/riotgames
12,https://static-cdn.jtvnw.net/jtv_user_pictures/bde8aaf5-35d4-4503-9797-842401da900f-profile_image-150x150.png?imenable=1&impolicy=user-profile-picture&imwidth=100,Ludwig,3403334985,121200,201268,28080,3651851,1851104,73276448.0,Partner,False,English,https://www.twitch.tv/ludwig
13,https://static-cdn.jtvnw.net/jtv_user_pictures/a28b0d37-81d0-415a-8ed8-1a1f998ea26d-profile_image-150x150.png?imenable=1&impolicy=user-profile-picture&imwidth=100,Fextralife,3340547250,173925,158719,19206,1600214,384784,580477074.0,Partner,False,English,https://www.twitch.tv/fextralife
14,https://static-cdn.jtvnw.net/jtv_user_pictures/1f47965f-7961-4b64-ad6f-71808d7d7fe9-profile_image-150x150.png?imenable=1&impolicy=user-profile-picture&imwidth=100,Trainwreckstv,3272153955,153795,77207,21275,2241071,544482,42630880.0,Partner,True,English,https://www.twitch.tv/trainwreckstv
15,https://static-cdn.jtvnw.net/jtv_user_pictures/10c197cb-295f-4d40-8a6c-26a0a5da22ee-profile_image-150x150.png?imenable=1&impolicy=user-profile-picture&imwidth=100,AdinRoss,3147516030,61860,254923,50881,7027192,4763772,38706901.0,Partner,False,English,https://www.twitch.tv/adinross
16,https://static-cdn.jtvnw.net/jtv_user_pictures/c02fd1f5-a521-4649-982b-e86f6f10bc23-profile_image-150x150.png?imenable=1&impolicy=user-profile-picture&imwidth=100,buddha,3020676705,198270,68818,15235,871919,445784,40432875.0,Partner,True,English,https://www.twitch.tv/buddha
17,https://static-cdn.jtvnw.net/jtv_user_pictures/38bcb747-1d2e-42c0-ad59-6f11fa5e8c86-profile_image-150x150.png?imenable=1&impolicy=user-profile-picture&imwidth=100,RocketLeague,2974523670,45990,205975,64677,4852987,1145922,116443269.0,Partner,False,English,https://www.twitch.tv/rocketleague
18,https://static-cdn.jtvnw.net/jtv_user_pictures/fc7b15b2-e400-4e74-8c8b-2ad3725e5770-profile_image-150x150.png?imenable=1&impolicy=user-profile-picture&imwidth=100,sodapoppin,2962538655,141030,86872,21006,8966121,-2809445,42823108.0,Partner,False,English,https://www.twitch.tv/sodapoppin
19,https://static-cdn.jtvnw.net/jtv_user_pictures/0b0601ac-1ec9-4d63-89a4-f8d3d14e6e78-profile_image-150x150.png?imenable=1&impolicy=user-profile-picture&imwidth=100,Mizkif,2789687835,103665,191849,26910,2156606,786122,49876012.0,Partner,False,English,https://www.twitch.tv/mizkif
20,https://static-cdn.jtvnw.net/jtv_user_pictures/8dcaf96d-68ee-4fc6-bfdc-fdfc564e134a-profile_image-150x150.png?imenable=1&impolicy=user-profile-picture&imwidth=100,LVNDMARK,2761946745,213105,142160,12960,1483913,386098,35297332.0,Partner,False,English,https://www.twitch.tv/lvndmark
21,https://static-cdn.jtvnw.net/jtv_user_pictures/asmongold-profile_image-f7ddcbd0332f5d28-150x150.png?imenable=1&impolicy=user-profile-picture&imwidth=100,Asmongold,2699178570,49755,213209,54249,3430784,514168,42767204.0,Partner,False,English,https://www.twitch.tv/asmongold
22,https://static-cdn.jtvnw.net/jtv_user_pictures/34c5c8da-19b6-47b2-85ba-cc7ae87f1413-profile_image-150x150.png?imenable=1&impolicy=user-profile-picture&imwidth=100,VALORANT,2654402250,108615,344755,24438,4866540,1924980,92029947.0,Partner,False,English,https://www.twitch.tv/valorant
23,https://static-cdn.jtvnw.net/jtv_user_pictures/38e925fc-0b07-4e1e-82e2-6639e01344f3-profile_image-150x150.png?imenable=1&impolicy=user-profile-picture&imwidth=100,LIRIK,2575063920,119025,85145,21634,2996817,148773,39427076.0,Partner,False,English,https://www.twitch.tv/lirik
24,https://static-cdn.jtvnw.net/jtv_user_pictures/7dcd89d5-6700-4b05-b9c9-c7dac61c32db-profile_image-150x150.png?imenable=1&impolicy=user-profile-picture&imwidth=100,TimTheTatman,2549929275,69660,152188,36605,7612246,1069261,38011211.0,Partner,False,English,https://www.twitch.tv/timthetatman
25,https://static-cdn.jtvnw.net/jtv_user_pictures/929b9591-07c5-4adb-adf0-5f0897332391-profile_image-150x150.png?imenable=1&impolicy=user-profile-picture&imwidth=100,Rainbow6,2454690000,79800,133159,30760,3249894,557368,41837411.0,Partner,False,English,https://www.twitch.tv/rainbow6
26,https://static-cdn.jtvnw.net/jtv_user_pictures/7f349bf3-ada7-4486-a0f1-a6e055b68fca-profile_image-150x150.png?imenable=1&impolicy=user-profile-picture&imwidth=100,AMOURANTH,2326154430,237780,33925,9782,6057576,3003574,200846725.0,Partner,False,English,https://www.twitch.tv/amouranth
27,https://static-cdn.jtvnw.net/jtv_user_pictures/b470b382-2bd7-489f-9755-1af47d0b0f6f-profile_image-150x150.png?imenable=1&impolicy=user-profile-picture&imwidth=100,LEC,2308908945,49860,381750,46307,2109683,461426,40792574.0,Partner,False,English,https://www.twitch.tv/lec
28,https://static-cdn.jtvnw.net/jtv_user_pictures/8f89b1cc-4c97-4e2b-a6d8-b288f3963bc5-profile_image-150x150.png?imenable=1&impolicy=user-profile-picture&imwidth=100,Castro_1021,2249650815,90735,163910,24793,3716579,651492,27424211.0,Partner,False,English,https://www.twitch.tv/castro_1021
29,https://static-cdn.jtvnw.net/jtv_user_pictures/2f5addde-fd0d-4a10-82a9-ea91ebb17f8d-profile_image-150x150.png?imenable=1&impolicy=user-profile-picture&imwidth=100,Quin69,2171236395,186855,44153,11620,950819,67579,25007062.0,Partner,False,English,https://www.twitch.tv/quin69
30,https://static-cdn.jtvnw.net/jtv_user_pictures/3c3396bb-67d9-480c-95e5-2970a1f2aed4-profile_image-150x150.png?imenable=1&impolicy=user-profile-picture&imwidth=100,LCS,2078664720,67335,213131,30870,1967330,379375,41281104.0,Partner,False,English,https://www.twitch.tv/lcs
31,https://static-cdn.jtvnw.net/jtv_user_pictures/905af69a-4fd8-42c7-b842-bf4ee4d51b3b-profile_image-150x150.png?imenable=1&impolicy=user-profile-picture&imwidth=100,Tubbo,2028346665,37440,342198,54175,5233697,3101269,43777796.0,Partner,False,English,https://www.twitch.tv/tubbo
32,https://static-cdn.jtvnw.net/jtv_user_pictures/6d306649-dd15-4db8-82d8-655694ba692f-profile_image-150x150.png?imenable=1&impolicy=user-profile-picture&imwidth=100,ImperialHal__,2021907555,123285,82578,16400,2097677,739598,38097765.0,Partner,False,English,https://www.twitch.tv/imperialhal__
33,https://static-cdn.jtvnw.net/jtv_user_pictures/3973e918fe7cc8c8-profile_image-150x150.png?imenable=1&impolicy=user-profile-picture&imwidth=100,MOONMOON,1980879150,116265,43512,17037,1183323,89562,16358520.0,Partner,False,English,https://www.twitch.tv/moonmoon
34,https://static-cdn.jtvnw.net/jtv_user_pictures/c77578ad-30c0-47dd-b3a5-d0a51bc1a3ea-profile_image-150x150.png?imenable=1&impolicy=user-profile-picture&imwidth=100,Ramee,1929913890,178755,42298,10796,594308,332461,30141757.0,Partner,False,English,https://www.twitch.tv/ramee
35,https://static-cdn.jtvnw.net/jtv_user_pictures/647b139f-4cd1-4a6f-9dc2-40113781bf15-profile_image-150x150.png?imenable=1&impolicy=user-profile-picture&imwidth=100,RatedEpicz,1847269260,145620,70132,12685,449789,329054,28851009.0,Partner,True,English,https://www.twitch.tv/ratedepicz
36,https://static-cdn.jtvnw.net/jtv_user_pictures/148c3b8a-a78b-4139-a429-7d3d90ce8a27-profile_image-150x150.png?imenable=1&impolicy=user-profile-picture&imwidth=100,CohhCarnage,1811001555,174315,38808,10389,1714648,71290,30675300.0,Partner,False,English,https://www.twitch.tv/cohhcarnage
37,https://static-cdn.jtvnw.net/jtv_user_pictures/f1e8adff-7097-4513-ab5c-e6f0f4ca44d2-profile_image-150x150.png?imenable=1&impolicy=user-profile-picture&imwidth=100,Swagg,1789219020,106575,96388,16788,2387538,777939,24060853.0,Partner,False,English,https://www.twitch.tv/swagg
38,https://static-cdn.jtvnw.net/jtv_user_pictures/d5a4b94c-5f59-4136-9e00-3311b06fdc63-profile_image-150x150.png?imenable=1&impolicy=user-profile-picture&imwidth=100,BLASTPremier,1782315000,41085,270934,43381,2350285,492916,50047369.0,Partner,False,English,https://www.twitch.tv/blastpremier
39,https://static-cdn.jtvnw.net/jtv_user_pictures/f65f290a-d37e-4c33-bc74-de6049eddf55-profile_image-150x150.png?imenable=1&impolicy=user-profile-picture&imwidth=100,Tfue,1746993825,136950,47501,12756,11537464,1005386,43825521.0,Partner,False,English,https://www.twitch.tv/tfue
40,https://static-cdn.jtvnw.net/jtv_user_pictures/6d33e15c-f918-468f-9a29-f56399786532-profile_image-150x150.png?imenable=1&impolicy=user-profile-picture&imwidth=100,Pestily,1744468275,163110,244422,10695,1480663,347392,26358796.0,Partner,False,English,https://www.twitch.tv/pestily
41,https://static-cdn.jtvnw.net/jtv_user_pictures/b3fc1f16-0818-4121-8711-c31b9469bc21-profile_image-150x150.png?imenable=1&impolicy=user-profile-picture&imwidth=100,GamesDoneQuick,1706462205,122085,141291,13977,2071075,92056,51129011.0,Partner,False,English,https://www.twitch.tv/gamesdonequick
42,https://static-cdn.jtvnw.net/jtv_user_pictures/3c7e4307-f540-4415-84b3-513ce143f0ae-profile_image-150x150.png?imenable=1&impolicy=user-profile-picture&imwidth=100,Aydan,1676087775,157905,54655,10614,3196123,798085,28192235.0,Partner,False,English,https://www.twitch.tv/aydan
43,https://static-cdn.jtvnw.net/jtv_user_pictures/forsen-profile_image-48b43e1e4f54b5c8-150x150.png?imenable=1&impolicy=user-profile-picture&imwidth=100,forsen,1635285600,118965,44008,13746,1784606,147784,24955449.0,Partner,False,English,https://www.twitch.tv/forsen
44,https://static-cdn.jtvnw.net/jtv_user_pictures/gorgc-profile_image-469e05d25a1e8594-150x150.jpeg?imenable=1&impolicy=user-profile-picture&imwidth=100,Gorgc,1598000565,124680,46416,12816,774286,111195,24566759.0,Partner,False,English,https://www.twitch.tv/gorgc
45,https://static-cdn.jtvnw.net/jtv_user_pictures/0c784204-f3aa-454f-aacc-8e304a6afc72-profile_image-150x150.png?imenable=1&impolicy=user-profile-picture&imwidth=100,Philza,1598000040,47040,162626,33971,4293125,2640225,34906717.0,Partner,False,English,https://www.twitch.tv/philza
46,https://static-cdn.jtvnw.net/jtv_user_pictures/1d41de3c-731d-41ae-b0e7-615ad74db8f3-profile_image-150x150.png?imenable=1&impolicy=user-profile-picture&imwidth=100,Symfuhny,1528180095,143490,38544,10650,4124272,665159,26439972.0,Partner,False,English,https://www.twitch.tv/symfuhny
47,https://static-cdn.jtvnw.net/jtv_user_pictures/d0bd11ee-bd2e-4143-9171-b0b85875a94a-profile_image-150x150.png?imenable=1&impolicy=user-profile-picture&imwidth=100,LCK,1501827285,36555,305797,41084,2061479,293359,33533851.0,Partner,False,English,https://www.twitch.tv/lck
48,https://static-cdn.jtvnw.net/jtv_user_pictures/48cb9093-a729-418e-ae3a-347c2b814ee6-profile_image-150x150.png?imenable=1&impolicy=user-profile-picture&imwidth=100,tommyinnit,1484800815,9030,650237,164430,7253025,4292049,38830171.0,Partner,False,English,https://www.twitch.tv/tommyinnit
49,https://static-cdn.jtvnw.net/jtv_user_pictures/ae87c6fe-0028-40be-a2b8-f440d4937e8b-profile_image-150x150.png?imenable=1&impolicy=user-profile-picture&imwidth=100,SmiteGame,1475095440,361755,79597,4077,712489,87018,21504409.0,Partner,False,English,https://www.twitch.tv/smitegame
50,https://static-cdn.jtvnw.net/jtv_user_pictures/cd921fcd-53fc-4b1d-be23-0787bc36b756-profile_image-150x150.png?imenable=1&impolicy=user-profile-picture&imwidth=100,GMHikaru,1440416370,113415,80730,12700,2007866,592444,95914582.0,Partner,False,English,https://www.twitch.tv/gmhikaru
1,https://static-cdn.jtvnw.net/jtv_user_pictures/xqc-profile_image-9298dca608632101-150x150.jpeg?imenable=1&impolicy=user-profile-picture&imwidth=100,xQc,13497613410,199020,312158,67820,12520525,1718622,,Partner,False,English,https://www.twitch.tv/xqc
2,https://static-cdn.jtvnw.net/jtv_user_pictures/c1ecbcd5-b8b6-4e0c-9d5f-e01d610aa97d-profile_image-150x150.png?imenable=1&impolicy=user-profile-picture&imwidth=100,ESLCS,5269920750,362205,550154,14549,6807320,750476,,Partner,False,English,https://www.twitch.tv/eslcs
3,https://static-cdn.jtvnw.net/jtv_user_pictures/0347a9aa-e396-49a5-b0f1-31261704bab8-profile_image-150x150.jpeg?imenable=1&impolicy=user-profile-picture&imwidth=100,HasanAbi,4920160560,152265,153661,32313,3059503,550508,,Partner,False,English,https://www.twitch.tv/hasanabi
4,https://static-cdn.jtvnw.net/jtv_user_pictures/asmongold-profile_image-f7ddcbd0332f5d28-150x150.png?imenable=1&impolicy=user-profile-picture&imwidth=100,Asmongold,4819404090,70110,448161,68740,3430784,956072,,Partner,False,English,https://www.twitch.tv/asmongold
5,https://static-cdn.jtvnw.net/jtv_user_pictures/1f47965f-7961-4b64-ad6f-71808d7d7fe9-profile_image-150x150.png?imenable=1&impolicy=user-profile-picture&imwidth=100,Trainwreckstv,4504633110,151050,70364,29822,2241071,474210,,Partner,True,English,https://www.twitch.tv/trainwreckstv
6,https://static-cdn.jtvnw.net/jtv_user_pictures/f04d2a14-8d63-4cd5-a469-7ec2cd6e5ce3-profile_image-150x150.png?imenable=1&impolicy=user-profile-picture&imwidth=100,tarik,4379248110,181680,187886,24104,3313124,1202398,,Partner,False,English,https://www.twitch.tv/tarik
7,https://static-cdn.jtvnw.net/jtv_user_pictures/99aa4739-21d6-40af-86ae-4b4d3457fce4-profile_image-150x150.png?imenable=1&impolicy=user-profile-picture&imwidth=100,summit1g,4100976765,249810,40830,16416,6401532,110485,,Partner,False,English,https://www.twitch.tv/summit1g
8,https://static-cdn.jtvnw.net/jtv_user_pictures/bf6a04cf-3f44-4986-8eed-5c36bfad542b-profile_image-150x150.png?imenable=1&impolicy=user-profile-picture&imwidth=100,KaiCenat,4063794135,83280,283245,48796,19852125,2664292,,Partner,False,English,https://www.twitch.tv/kaicenat
9,https://static-cdn.jtvnw.net/jtv_user_pictures/f3591dbe4ee3d94b-profile_image-150x150.png?imenable=1&impolicy=user-profile-picture&imwidth=100,loltyler1,3807906045,166770,74015,22833,5496662,447607,,Partner,False,English,https://www.twitch.tv/loltyler1
10,https://static-cdn.jtvnw.net/jtv_user_pictures/a28b0d37-81d0-415a-8ed8-1a1f998ea26d-profile_image-150x150.png?imenable=1&impolicy=user-profile-picture&imwidth=100,Fextralife,3767350080,159360,248428,23640,1600214,494884,,Partner,False,English,https://www.twitch.tv/fextralife
11,https://static-cdn.jtvnw.net/jtv_user_pictures/10c197cb-295f-4d40-8a6c-26a0a5da22ee-profile_image-150x150.png?imenable=1&impolicy=user-profile-picture&imwidth=100,AdinRoss,3583055070,65235,266118,54925,7027192,1789900,,Partner,False,English,https://www.twitch.tv/adinross
12,https://static-cdn.jtvnw.net/jtv_user_pictures/35b02a12-d516-499e-90f8-7899f136fa18-profile_image-150x150.png?imenable=1&impolicy=user-profile-picture&imwidth=100,riotgames,3571813410,75855,988867,47087,7358758,505593,,Partner,False,English,https://www.twitch.tv/riotgames
13,https://static-cdn.jtvnw.net/jtv_user_pictures/ab4a35d8-8008-41b8-b0e5-db622e4c0a6f-profile_image-150x150.png?imenable=1&impolicy=user-profile-picture&imwidth=100,ROSHTEIN,3412720935,146205,47775,23342,1041742,245387,,Community,True,English,https://www.twitch.tv/roshtein
14,https://static-cdn.jtvnw.net/jtv_user_pictures/34c5c8da-19b6-47b2-85ba-cc7ae87f1413-profile_image-150x150.png?imenable=1&impolicy=user-profile-picture&imwidth=100,VALORANT,3081479760,124095,281190,24831,4866540,1333623,,Partner,False,English,https://www.twitch.tv/valorant
15,https://static-cdn.jtvnw.net/jtv_user_pictures/b04e20be-6c0b-4379-b163-7f9a928e03f0-profile_image-150x150.png?imenable=1&impolicy=user-profile-picture&imwidth=100,NICKMERCS,2753433435,117060,108069,23521,6766464,345470,,Partner,False,English,https://www.twitch.tv/nickmercs
16,https://static-cdn.jtvnw.net/jtv_user_pictures/c754eebf-745b-4e0a-814a-10bcaecaabbc-profile_image-150x150.png?imenable=1&impolicy=user-profile-picture&imwidth=100,shroud,2367507600,131640,93631,17984,11300789,522877,,Partner,False,English,https://www.twitch.tv/shroud
17,https://static-cdn.jtvnw.net/jtv_user_pictures/6d306649-dd15-4db8-82d8-655694ba692f-profile_image-150x150.png?imenable=1&impolicy=user-profile-picture&imwidth=100,ImperialHal__,2323859520,122205,108815,19016,2097677,508931,,Partner,False,English,https://www.twitch.tv/imperialhal__
18,https://static-cdn.jtvnw.net/jtv_user_pictures/38e925fc-0b07-4e1e-82e2-6639e01344f3-profile_image-150x150.png?imenable=1&impolicy=user-profile-picture&imwidth=100,LIRIK,2272245645,121185,52716,18750,2996817,55890,,Partner,False,English,https://www.twitch.tv/lirik
19,https://static-cdn.jtvnw.net/jtv_user_pictures/0b0601ac-1ec9-4d63-89a4-f8d3d14e6e78-profile_image-150x150.png?imenable=1&impolicy=user-profile-picture&imwidth=100,Mizkif,2181235185,68235,122011,31966,2156606,329540,,Partner,False,English,https://www.twitch.tv/mizkif
20,https://static-cdn.jtvnw.net/jtv_user_pictures/b470b382-2bd7-489f-9755-1af47d0b0f6f-profile_image-150x150.png?imenable=1&impolicy=user-profile-picture&imwidth=100,LEC,2012751105,39930,339696,50406,2109683,261902,,Partner,False,English,https://www.twitch.tv/lec
21,https://static-cdn.jtvnw.net/jtv_user_pictures/7f349bf3-ada7-4486-a0f1-a6e055b68fca-profile_image-150x150.png?imenable=1&impolicy=user-profile-picture&imwidth=100,AMOURANTH,1946805675,222840,67949,8736,6057576,1233870,,Partner,False,English,https://www.twitch.tv/amouranth
22,https://static-cdn.jtvnw.net/jtv_user_pictures/38bcb747-1d2e-42c0-ad59-6f11fa5e8c86-profile_image-150x150.png?imenable=1&impolicy=user-profile-picture&imwidth=100,RocketLeague,1936729575,46200,256159,41920,4852987,375665,,Partner,False,English,https://www.twitch.tv/rocketleague
23,https://static-cdn.jtvnw.net/jtv_user_pictures/2f5addde-fd0d-4a10-82a9-ea91ebb17f8d-profile_image-150x150.png?imenable=1&impolicy=user-profile-picture&imwidth=100,Quin69,1877960175,179775,30272,10446,950819,78562,,Partner,False,English,https://www.twitch.tv/quin69
24,https://static-cdn.jtvnw.net/jtv_user_pictures/07580fe8-4509-4cbd-84b6-31732234e98c-profile_image-150x150.png?imenable=1&impolicy=user-profile-picture&imwidth=100,iiTzTimmy,1865503185,187620,62328,9942,2917056,1114090,,Partner,False,English,https://www.twitch.tv/iitztimmy
25,https://static-cdn.jtvnw.net/jtv_user_pictures/3c3396bb-67d9-480c-95e5-2970a1f2aed4-profile_image-150x150.png?imenable=1&impolicy=user-profile-picture&imwidth=100,LCS,1795211955,60900,243463,29478,1967330,255632,,Partner,False,English,https://www.twitch.tv/lcs
26,https://static-cdn.jtvnw.net/jtv_user_pictures/8dcaf96d-68ee-4fc6-bfdc-fdfc564e134a-profile_image-150x150.png?imenable=1&impolicy=user-profile-picture&imwidth=100,LVNDMARK,1780794690,160110,162078,11122,1483913,259716,,Partner,False,English,https://www.twitch.tv/lvndmark
27,https://static-cdn.jtvnw.net/jtv_user_pictures/fc7b15b2-e400-4e74-8c8b-2ad3725e5770-profile_image-150x150.png?imenable=1&impolicy=user-profile-picture&imwidth=100,sodapoppin,1750915005,96885,68378,18071,8966121,5640199,,Partner,False,English,https://www.twitch.tv/sodapoppin
28,https://static-cdn.jtvnw.net/jtv_user_pictures/929b9591-07c5-4adb-adf0-5f0897332391-profile_image-150x150.png?imenable=1&impolicy=user-profile-picture&imwidth=100,Rainbow6,1697619450,71880,149268,23617,3249894,239033,,Partner,False,English,https://www.twitch.tv/rainbow6
29,https://static-cdn.jtvnw.net/jtv_user_pictures/50e4e7b2-ae1c-43dd-ae3a-243de06a9034-profile_image-150x150.png?imenable=1&impolicy=user-profile-picture&imwidth=100,k3soju,1656878610,123810,30785,13382,666717,137538,,Partner,False,English,https://www.twitch.tv/k3soju
30,https://static-cdn.jtvnw.net/jtv_user_pictures/c7a4c96e-a434-4dfa-9bcf-6190995dd536-profile_image-150x150.png?imenable=1&impolicy=user-profile-picture&imwidth=100,aceu,1651233900,112620,36749,14661,2887944,772964,,Partner,False,English,https://www.twitch.tv/aceu
31,https://static-cdn.jtvnw.net/jtv_user_pictures/148c3b8a-a78b-4139-a429-7d3d90ce8a27-profile_image-150x150.png?imenable=1&impolicy=user-profile-picture&imwidth=100,CohhCarnage,1646025870,183765,32846,8957,1714648,65841,,Partner,False,English,https://www.twitch.tv/cohhcarnage
32,https://static-cdn.jtvnw.net/jtv_user_pictures/b3fc1f16-0818-4121-8711-c31b9469bc21-profile_image-150x150.png?imenable=1&impolicy=user-profile-picture&imwidth=100,GamesDoneQuick,1642530885,152490,114165,10771,2071075,96566,,Partner,False,English,https://www.twitch.tv/gamesdonequick
33,https://static-cdn.jtvnw.net/jtv_user_pictures/gorgc-profile_image-469e05d25a1e8594-150x150.jpeg?imenable=1&impolicy=user-profile-picture&imwidth=100,Gorgc,1618099590,139545,93988,11595,774286,91069,,Partner,False,English,https://www.twitch.tv/gorgc
34,https://static-cdn.jtvnw.net/jtv_user_pictures/3973e918fe7cc8c8-profile_image-150x150.png?imenable=1&impolicy=user-profile-picture&imwidth=100,MOONMOON,1606500150,123765,28361,12980,1183323,41672,,Partner,False,English,https://www.twitch.tv/moonmoon
35,https://static-cdn.jtvnw.net/jtv_user_pictures/c02fd1f5-a521-4649-982b-e86f6f10bc23-profile_image-150x150.png?imenable=1&impolicy=user-profile-picture&imwidth=100,buddha,1595876115,119385,67137,13367,871919,123952,,Partner,True,English,https://www.twitch.tv/buddha
36,https://static-cdn.jtvnw.net/jtv_user_pictures/d5a4b94c-5f59-4136-9e00-3311b06fdc63-profile_image-150x150.png?imenable=1&impolicy=user-profile-picture&imwidth=100,BLASTPremier,1555155885,34785,227568,44707,2350285,293052,,Partner,False,English,https://www.twitch.tv/blastpremier
37,https://static-cdn.jtvnw.net/jtv_user_pictures/df6f775d-8794-4cbe-aa85-dbdc72975696-profile_image-150x150.png?imenable=1&impolicy=user-profile-picture&imwidth=100,moistcr1tikal,1551544680,118575,69435,13085,5955582,1276565,,Partner,False,English,https://www.twitch.tv/moistcr1tikal
38,https://static-cdn.jtvnw.net/jtv_user_pictures/d0bd11ee-bd2e-4143-9171-b0b85875a94a-profile_image-150x150.png?imenable=1&impolicy=user-profile-picture&imwidth=100,LCK,1438790460,38520,307586,37351,2061479,240107,,Partner,False,English,https://www.twitch.tv/lck
39,https://static-cdn.jtvnw.net/jtv_user_pictures/8f89b1cc-4c97-4e2b-a6d8-b288f3963bc5-profile_image-150x150.png?imenable=1&impolicy=user-profile-picture&imwidth=100,Castro_1021,1427783640,76440,150694,18678,3716579,327884,,Partner,False,English,https://www.twitch.tv/castro_1021
40,https://static-cdn.jtvnw.net/jtv_user_pictures/e85bf53e-8e0a-4a35-824d-d2958293c3a6-profile_image-150x150.png?imenable=1&impolicy=user-profile-picture&imwidth=100,Elajjaz,1352880270,166890,22212,8106,532700,62627,,Partner,False,English,https://www.twitch.tv/elajjaz
41,https://static-cdn.jtvnw.net/jtv_user_pictures/2a74b7da-4c2f-4a20-8a02-c7d77064c281-profile_image-150x150.png?imenable=1&impolicy=user-profile-picture&imwidth=100,PENTA,1344662970,160830,22669,8360,364931,53562,,Partner,False,English,https://www.twitch.tv/penta
42,https://static-cdn.jtvnw.net/jtv_user_pictures/f65f290a-d37e-4c33-bc74-de6049eddf55-profile_image-150x150.png?imenable=1&impolicy=user-profile-picture&imwidth=100,Tfue,1311080925,120150,52689,10912,11537464,497781,,Partner,False,English,https://www.twitch.tv/tfue
43,https://static-cdn.jtvnw.net/jtv_user_pictures/a9ce83ba-c0bd-49cc-83bd-9d17647a211a-profile_image-150x150.png?imenable=1&impolicy=user-profile-picture&imwidth=100,zackrawrr,1251873660,95640,78179,13089,2402428,418658,,Partner,False,English,https://www.twitch.tv/zackrawrr
44,https://static-cdn.jtvnw.net/jtv_user_pictures/c2aca19b-b318-4398-99a5-fb6a597536fd-profile_image-150x150.png?imenable=1&impolicy=user-profile-picture&imwidth=100,ironmouse,1238157405,124875,45312,9915,2435431,540101,,Partner,False,English,https://www.twitch.tv/ironmouse
45,https://static-cdn.jtvnw.net/jtv_user_pictures/c67f5670-2877-4d51-b42a-38c8cf20fe31-profile_image-150x150.png?imenable=1&impolicy=user-profile-picture&imwidth=100,Maximum,1237327440,113850,76690,10868,587757,98509,,Partner,False,English,https://www.twitch.tv/maximum
46,https://static-cdn.jtvnw.net/jtv_user_pictures/875051f0-fd79-409f-bd1c-5a1eac2f7684-profile_image-150x150.png?imenable=1&impolicy=user-profile-picture&imwidth=100,DisguisedToast,1197136350,83430,79178,14348,2833929,453988,,Partner,False,English,https://www.twitch.tv/disguisedtoast
47,https://static-cdn.jtvnw.net/jtv_user_pictures/476ee93d-66a6-4e57-b3a9-db1ceb168ad8-profile_image-150x150.png?imenable=1&impolicy=user-profile-picture&imwidth=100,EsfandTV,1149675735,190125,53523,6047,1371346,187513,,Partner,False,English,https://www.twitch.tv/esfandtv
48,https://static-cdn.jtvnw.net/jtv_user_pictures/c0a4ea0a-77ad-441e-b29f-d95463b7ef47-profile_image-150x150.png?imenable=1&impolicy=user-profile-picture&imwidth=100,PGL,1135182300,15480,608041,73332,1978451,348466,,Partner,False,English,https://www.twitch.tv/pgl
49,https://static-cdn.jtvnw.net/jtv_user_pictures/f700cd74-e74c-42a4-ba5b-18efb486eb92-profile_image-150x150.png?imenable=1&impolicy=user-profile-picture&imwidth=100,Clix,1129749270,82245,95503,13736,8581081,1229887,,Partner,False,English,https://www.twitch.tv/clix
50,https://static-cdn.jtvnw.net/jtv_user_pictures/6d33e15c-f918-468f-9a29-f56399786532-profile_image-150x150.png?imenable=1&impolicy=user-profile-picture&imwidth=100,Pestily,1120915515,127290,217600,8805,1480663,130475,,Partner,False,English,https://www.twitch.tv/pestily
1,https://static-cdn.jtvnw.net/jtv_user_pictures/bf6a04cf-3f44-4986-8eed-5c36bfad542b-profile_image-150x150.png?imenable=1&impolicy=user-profile-picture&imwidth=100,KaiCenat,6917573295,111585,348593,61993,19852125,4942097,,Partner,False,English,https://www.twitch.tv/kaicenat
2,https://static-cdn.jtvnw.net/jtv_user_pictures/xqc-profile_image-9298dca608632101-150x150.jpeg?imenable=1&impolicy=user-profile-picture&imwidth=100,xQc,5740774005,111765,126238,51364,12520525,497607,,Partner,False,English,https://www.twitch.tv/xqc
3,https://static-cdn.jtvnw.net/jtv_user_pictures/f04d2a14-8d63-4cd5-a469-7ec2cd6e5ce3-profile_image-150x150.png?imenable=1&impolicy=user-profile-picture&imwidth=100,tarik,4397973510,140745,215660,31247,3313124,540770,,Partner,False,English,https://www.twitch.tv/tarik
4,https://static-cdn.jtvnw.net/jtv_user_pictures/0347a9aa-e396-49a5-b0f1-31261704bab8-profile_image-150x150.jpeg?imenable=1&impolicy=user-profile-picture&imwidth=100,HasanAbi,3849415755,150030,82098,25657,3059503,239714,,Partner,False,English,https://www.twitch.tv/hasanabi
5,https://static-cdn.jtvnw.net/jtv_user_pictures/99aa4739-21d6-40af-86ae-4b4d3457fce4-profile_image-150x150.png?imenable=1&impolicy=user-profile-picture&imwidth=100,summit1g,3220207860,233130,48921,13812,6401532,80412,,Partner,False,English,https://www.twitch.tv/summit1g
6,https://static-cdn.jtvnw.net/jtv_user_pictures/c1ecbcd5-b8b6-4e0c-9d5f-e01d610aa97d-profile_image-150x150.png?imenable=1&impolicy=user-profile-picture&imwidth=100,ESLCS,3039775005,486285,295493,6250,6807320,379434,,Partner,False,English,https://www.twitch.tv/eslcs
7,https://static-cdn.jtvnw.net/jtv_user_pictures/a9ce83ba-c0bd-49cc-83bd-9d17647a211a-profile_image-150x150.png?imenable=1&impolicy=user-profile-picture&imwidth=100,zackrawrr,2968378320,146070,207866,20321,2402428,550107,,Partner,False,English,https://www.twitch.tv/zackrawrr
8,https://static-cdn.jtvnw.net/jtv_user_pictures/a28b0d37-81d0-415a-8ed8-1a1f998ea26d-profile_image-150x150.png?imenable=1&impolicy=user-profile-picture&imwidth=100,Fextralife,2661562515,150090,127557,17733,1600214,154799,,Partner,False,English,https://www.twitch.tv/fextralife
9,https://static-cdn.jtvnw.net/jtv_user_pictures/645d98a0-a2eb-48a3-b687-cfbc55243e4a-profile_image-150x150.png?imenable=1&impolicy=user-profile-picture&imwidth=100,Jynxzi,2351358060,136335,102970,17246,10652899,3020501,,Partner,False,English,https://www.twitch.tv/jynxzi
10,https://static-cdn.jtvnw.net/jtv_user_pictures/c754eebf-745b-4e0a-814a-10bcaecaabbc-profile_image-150x150.png?imenable=1&impolicy=user-profile-picture&imwidth=100,shroud,2349633915,144330,156716,16279,11300789,301582,,Partner,False,English,https://www.twitch.tv/shroud
11,https://static-cdn.jtvnw.net/jtv_user_pictures/50e4e7b2-ae1c-43dd-ae3a-243de06a9034-profile_image-150x150.png?imenable=1&impolicy=user-profile-picture&imwidth=100,k3soju,2233826220,146310,30882,15267,666717,117813,,Partner,False,English,https://www.twitch.tv/k3soju
12,https://static-cdn.jtvnw.net/jtv_user_pictures/38e925fc-0b07-4e1e-82e2-6639e01344f3-profile_image-150x150.png?imenable=1&impolicy=user-profile-picture&imwidth=100,LIRIK,2209898940,125355,56762,17629,2996817,44631,,Partner,False,English,https://www.twitch.tv/lirik
13,https://static-cdn.jtvnw.net/jtv_user_pictures/d5a4b94c-5f59-4136-9e00-3311b06fdc63-profile_image-150x150.png?imenable=1&impolicy=user-profile-picture&imwidth=100,BLASTPremier,2076746145,50430,440432,41180,2350285,420151,,Partner,False,English,https://www.twitch.tv/blastpremier
14,https://static-cdn.jtvnw.net/jtv_user_pictures/2f5addde-fd0d-4a10-82a9-ea91ebb17f8d-profile_image-150x150.png?imenable=1&impolicy=user-profile-picture&imwidth=100,Quin69,1993852185,176880,53894,11272,950819,98894,,Partner,False,English,https://www.twitch.tv/quin69
15,https://static-cdn.jtvnw.net/jtv_user_pictures/35b02a12-d516-499e-90f8-7899f136fa18-profile_image-150x150.png?imenable=1&impolicy=user-profile-picture&imwidth=100,riotgames,1849771905,34950,824255,52926,7358758,306437,,Partner,False,English,https://www.twitch.tv/riotgames
16,https://static-cdn.jtvnw.net/jtv_user_pictures/5742b015-e6ed-4f7c-a1dd-87cd88fe1eb9-profile_image-150x150.png?imenable=1&impolicy=user-profile-picture&imwidth=100,ohnePixel,1813814130,123300,236159,14710,2930487,785787,,Partner,False,English,https://www.twitch.tv/ohnepixel
17,https://static-cdn.jtvnw.net/jtv_user_pictures/b470b382-2bd7-489f-9755-1af47d0b0f6f-profile_image-150x150.png?imenable=1&impolicy=user-profile-picture&imwidth=100,LEC,1812610305,48120,211881,37668,2109683,181798,,Partner,False,English,https://www.twitch.tv/lec
18,https://static-cdn.jtvnw.net/jtv_user_pictures/gorgc-profile_image-469e05d25a1e8594-150x150.jpeg?imenable=1&impolicy=user-profile-picture&imwidth=100,Gorgc,1796462325,153735,48808,11685,774286,77939,,Partner,False,English,https://www.twitch.tv/gorgc
19,https://static-cdn.jtvnw.net/jtv_user_pictures/ee612ff1-397f-411b-aeb0-6ac53219de31-profile_image-150x150.png?imenable=1&impolicy=user-profile-picture&imwidth=100,scump,1653994935,83265,176972,19864,1954433,282705,,Partner,False,English,https://www.twitch.tv/scump
20,https://static-cdn.jtvnw.net/jtv_user_pictures/8dcaf96d-68ee-4fc6-bfdc-fdfc564e134a-profile_image-150x150.png?imenable=1&impolicy=user-profile-picture&imwidth=100,LVNDMARK,1634585340,162975,165048,10029,1483913,152419,,Partner,False,English,https://www.twitch.tv/lvndmark
21,https://static-cdn.jtvnw.net/jtv_user_pictures/fc7b15b2-e400-4e74-8c8b-2ad3725e5770-profile_image-150x150.png?imenable=1&impolicy=user-profile-picture&imwidth=100,sodapoppin,1626781920,106230,100121,15313,8966121,65010,,Partner,False,English,https://www.twitch.tv/sodapoppin
22,https://static-cdn.jtvnw.net/jtv_user_pictures/f3591dbe4ee3d94b-profile_image-150x150.png?imenable=1&impolicy=user-profile-picture&imwidth=100,loltyler1,1594283745,97320,52943,16381,5496662,125037,,Partner,False,English,https://www.twitch.tv/loltyler1
23,https://static-cdn.jtvnw.net/jtv_user_pictures/3973e918fe7cc8c8-profile_image-150x150.png?imenable=1&impolicy=user-profile-picture&imwidth=100,MOONMOON,1582172430,115440,28517,13705,1183323,31862,,Partner,False,English,https://www.twitch.tv/moonmoon
24,https://static-cdn.jtvnw.net/jtv_user_pictures/148c3b8a-a78b-4139-a429-7d3d90ce8a27-profile_image-150x150.png?imenable=1&impolicy=user-profile-picture&imwidth=100,CohhCarnage,1519197690,159945,70985,9498,1714648,88408,,Partner,False,English,https://www.twitch.tv/cohhcarnage
25,https://static-cdn.jtvnw.net/jtv_user_pictures/f700cd74-e74c-42a4-ba5b-18efb486eb92-profile_image-150x150.png?imenable=1&impolicy=user-profile-picture&imwidth=100,Clix,1511255235,111420,129457,13563,8581081,1296538,,Partner,False,English,https://www.twitch.tv/clix
26,https://static-cdn.jtvnw.net/jtv_user_pictures/483a37ac-58fd-4e2f-8dc3-2c68a0164112-profile_image-150x150.png?imenable=1&impolicy=user-profile-picture&imwidth=100,Caedrel,1503163725,103815,185921,14479,1579991,227726,,Partner,False,English,https://www.twitch.tv/caedrel
27,https://static-cdn.jtvnw.net/jtv_user_pictures/0b0601ac-1ec9-4d63-89a4-f8d3d14e6e78-profile_image-150x150.png?imenable=1&impolicy=user-profile-picture&imwidth=100,Mizkif,1450168260,68445,75678,21187,2156606,23882,,Partner,False,English,https://www.twitch.tv/mizkif
28,https://static-cdn.jtvnw.net/jtv_user_pictures/6d306649-dd15-4db8-82d8-655694ba692f-profile_image-150x150.png?imenable=1&impolicy=user-profile-picture&imwidth=100,ImperialHal__,1362200460,108480,50783,12557,2097677,208347,,Partner,False,English,https://www.twitch.tv/imperialhal__
29,https://static-cdn.jtvnw.net/jtv_user_pictures/3313f669-483c-4f60-bab4-c6e37bae2ecd-profile_image-150x150.png?imenable=1&impolicy=user-profile-picture&imwidth=100,ESL_DOTA2,1329626310,352665,157027,3770,866271,108822,,Partner,False,English,https://www.twitch.tv/esl_dota2
30,https://static-cdn.jtvnw.net/jtv_user_pictures/forsen-profile_image-48b43e1e4f54b5c8-150x150.png?imenable=1&impolicy=user-profile-picture&imwidth=100,forsen,1326744930,123255,40472,10764,1784606,80826,,Partner,False,English,https://www.twitch.tv/forsen
31,https://static-cdn.jtvnw.net/jtv_user_pictures/b3fc1f16-0818-4121-8711-c31b9469bc21-profile_image-150x150.png?imenable=1&impolicy=user-profile-picture&imwidth=100,GamesDoneQuick,1307893305,169785,90350,7703,2071075,43862,,Partner,False,English,https://www.twitch.tv/gamesdonequick
32,https://static-cdn.jtvnw.net/jtv_user_pictures/34c5c8da-19b6-47b2-85ba-cc7ae87f1413-profile_image-150x150.png?imenable=1&impolicy=user-profile-picture&imwidth=100,VALORANT,1307702820,91830,307528,14240,4866540,648871,,Partner,False,English,https://www.twitch.tv/valorant
33,https://static-cdn.jtvnw.net/jtv_user_pictures/d0bd11ee-bd2e-4143-9171-b0b85875a94a-profile_image-150x150.png?imenable=1&impolicy=user-profile-picture&imwidth=100,LCK,1291171080,38265,236385,33742,2061479,260396,,Partner,False,English,https://www.twitch.tv/lck
34,https://static-cdn.jtvnw.net/jtv_user_pictures/e85bf53e-8e0a-4a35-824d-d2958293c3a6-profile_image-150x150.png?imenable=1&impolicy=user-profile-picture&imwidth=100,Elajjaz,1266167580,154935,22282,8172,532700,27356,,Partner,False,English,https://www.twitch.tv/elajjaz
35,https://static-cdn.jtvnw.net/jtv_user_pictures/b04e20be-6c0b-4379-b163-7f9a928e03f0-profile_image-150x150.png?imenable=1&impolicy=user-profile-picture&imwidth=100,NICKMERCS,1235634450,85815,43424,14398,6766464,108421,,Partner,False,English,https://www.twitch.tv/nickmercs
36,https://static-cdn.jtvnw.net/jtv_user_pictures/04c65db8-ef62-4fb5-8cff-09f0521de151-profile_image-150x150.png?imenable=1&impolicy=user-profile-picture&imwidth=100,Thebausffs,1188178425,89565,26627,13266,1613557,286657,,Partner,False,English,https://www.twitch.tv/thebausffs
37,https://static-cdn.jtvnw.net/jtv_user_pictures/c2aca19b-b318-4398-99a5-fb6a597536fd-profile_image-150x150.png?imenable=1&impolicy=user-profile-picture&imwidth=100,ironmouse,1153815780,141105,29501,8177,2435431,416175,,Partner,False,English,https://www.twitch.tv/ironmouse
38,https://static-cdn.jtvnw.net/jtv_user_pictures/9da37209-4a33-4625-a485-092ae8c00e4c-profile_image-150x150.png?imenable=1&impolicy=user-profile-picture&imwidth=100,callofduty,1139513730,32520,162194,35040,2385805,529000,,Partner,False,English,https://www.twitch.tv/callofduty
39,https://static-cdn.jtvnw.net/jtv_user_pictures/maximilian_dood-profile_image-c6e12e1798861491-150x150.png?imenable=1&impolicy=user-profile-picture&imwidth=100,Maximilian_DOOD,1134499710,108315,59146,10474,1361738,100404,,Partner,False,English,https://www.twitch.tv/maximilian_dood
40,https://static-cdn.jtvnw.net/jtv_user_pictures/929b9591-07c5-4adb-adf0-5f0897332391-profile_image-150x150.png?imenable=1&impolicy=user-profile-picture&imwidth=100,Rainbow6,1132080615,83745,122805,13518,3249894,264985,,Partner,False,English,https://www.twitch.tv/rainbow6
41,https://static-cdn.jtvnw.net/jtv_user_pictures/38bcb747-1d2e-42c0-ad59-6f11fa5e8c86-profile_image-150x150.png?imenable=1&impolicy=user-profile-picture&imwidth=100,RocketLeague,1097012820,31920,217295,34367,4852987,335780,,Partner,False,English,https://www.twitch.tv/rocketleague
42,https://static-cdn.jtvnw.net/jtv_user_pictures/37567ea1-8246-4385-bcf6-8a3cdb9ca93b-profile_image-150x150.png?imenable=1&impolicy=user-profile-picture&imwidth=100,Jinnytty,981464055,163335,26902,6008,1126939,140078,,Partner,False,English,https://www.twitch.tv/jinnytty
43,https://static-cdn.jtvnw.net/jtv_user_pictures/3c3396bb-67d9-480c-95e5-2970a1f2aed4-profile_image-150x150.png?imenable=1&impolicy=user-profile-picture&imwidth=100,LCS,955888950,42135,130120,22686,1967330,84739,,Partner,False,English,https://www.twitch.tv/lcs
44,https://static-cdn.jtvnw.net/jtv_user_pictures/6d33e15c-f918-468f-9a29-f56399786532-profile_image-150x150.png?imenable=1&impolicy=user-profile-picture&imwidth=100,Pestily,952015215,157920,158562,6028,1480663,66128,,Partner,False,English,https://www.twitch.tv/pestily
45,https://static-cdn.jtvnw.net/jtv_user_pictures/66e83125-195e-4431-bde8-89ac425a9038-profile_image-150x150.png?imenable=1&impolicy=user-profile-picture&imwidth=100,Foolish,946678155,146385,32120,6467,2224305,384976,,Partner,False,English,https://www.twitch.tv/foolish
46,https://static-cdn.jtvnw.net/jtv_user_pictures/c67f5670-2877-4d51-b42a-38c8cf20fe31-profile_image-150x150.png?imenable=1&impolicy=user-profile-picture&imwidth=100,Maximum,938437650,123660,105456,7588,587757,55643,,Partner,False,English,https://www.twitch.tv/maximum
47,https://static-cdn.jtvnw.net/jtv_user_pictures/a83b628d80bcbe4f-profile_image-150x150.png?imenable=1&impolicy=user-profile-picture&imwidth=100,Agent00,934324065,113160,126485,8256,3304244,861860,,Partner,False,English,https://www.twitch.tv/agent00
48,https://static-cdn.jtvnw.net/jtv_user_pictures/ac368118-71cb-4340-be81-afa99abafdba-profile_image-150x150.png?imenable=1&impolicy=user-profile-picture&imwidth=100,QuickyBaby,933578190,151830,25201,6148,686727,64117,,Partner,False,English,https://www.twitch.tv/quickybaby
49,https://static-cdn.jtvnw.net/jtv_user_pictures/distortion2-profile_image-bb052bec695cc197-150x150.png?imenable=1&impolicy=user-profile-picture&imwidth=100,Distortion2,928198860,176430,20560,5261,700917,113868,,Partner,False,English,https://www.twitch.tv/distortion2
50,https://static-cdn.jtvnw.net/jtv_user_pictures/4e3f6574-10bd-43e1-9c02-78d8a23504fc-profile_image-150x150.png?imenable=1&impolicy=user-profile-picture&imwidth=100,PGL_Dota2,903161775,76575,74804,11794,511877,62054,,Partner,False,English,https://www.twitch.tv/pgl_dota2
1,https://static-cdn.jtvnw.net/jtv_user_pictures/bf6a04cf-3f44-4986-8eed-5c36bfad542b-profile_image-150x150.png?imenable=1&impolicy=user-profile-picture&imwidth=100,KaiCenat,11619430905,123465,672744,94111,19852125,7324852,,Partner,False,English,https://www.twitch.tv/kaicenat
2,https://static-cdn.jtvnw.net/jtv_user_pictures/645d98a0-a2eb-48a3-b687-cfbc55243e4a-profile_image-150x150.png?imenable=1&impolicy=user-profile-picture&imwidth=100,Jynxzi,4815798525,92910,228099,51833,10652899,3215910,,Partner,False,English,https://www.twitch.tv/jynxzi
3,https://static-cdn.jtvnw.net/jtv_user_pictures/483a37ac-58fd-4e2f-8dc3-2c68a0164112-profile_image-150x150.png?imenable=1&impolicy=user-profile-picture&imwidth=100,Caedrel,4741249590,145440,372043,32599,1579991,451883,,Partner,False,English,https://www.twitch.tv/caedrel
4,https://static-cdn.jtvnw.net/jtv_user_pictures/ef28ba12-c8ed-46d4-838b-a4c95ef5b469-profile_image-150x150.png?imenable=1&impolicy=user-profile-picture&imwidth=100,caseoh_,4393804545,81105,110574,54174,8679697,4713104,,Partner,False,English,https://www.twitch.tv/caseoh_
5,https://static-cdn.jtvnw.net/jtv_user_pictures/0347a9aa-e396-49a5-b0f1-31261704bab8-profile_image-150x150.jpeg?imenable=1&impolicy=user-profile-picture&imwidth=100,HasanAbi,4296539790,165990,312431,25884,3059503,244956,,Partner,False,English,https://www.twitch.tv/hasanabi
6,https://static-cdn.jtvnw.net/jtv_user_pictures/a9ce83ba-c0bd-49cc-83bd-9d17647a211a-profile_image-150x150.png?imenable=1&impolicy=user-profile-picture&imwidth=100,zackrawrr,3764892090,136380,216159,27605,2402428,350513,,Partner,False,English,https://www.twitch.tv/zackrawrr
7,https://static-cdn.jtvnw.net/jtv_user_pictures/99aa4739-21d6-40af-86ae-4b4d3457fce4-profile_image-150x150.png?imenable=1&impolicy=user-profile-picture&imwidth=100,summit1g,3299215695,271395,38926,12156,6401532,74604,,Partner,False,English,https://www.twitch.tv/summit1g
8,https://static-cdn.jtvnw.net/jtv_user_pictures/f04d2a14-8d63-4cd5-a469-7ec2cd6e5ce3-profile_image-150x150.png?imenable=1&impolicy=user-profile-picture&imwidth=100,tarik,2894110185,108735,278904,26616,3313124,299911,,Partner,False,English,https://www.twitch.tv/tarik
9,https://static-cdn.jtvnw.net/jtv_user_pictures/be4e8251-2cd7-453c-8a83-41412cfa48dc-profile_image-150x150.png?imenable=1&impolicy=user-profile-picture&imwidth=100,Lord_Kebun,2182964670,142710,44884,15296,708949,124260,,Partner,False,English,https://www.twitch.tv/lord_kebun
10,https://static-cdn.jtvnw.net/jtv_user_pictures/c754eebf-745b-4e0a-814a-10bcaecaabbc-profile_image-150x150.png?imenable=1&impolicy=user-profile-picture&imwidth=100,shroud,2181991740,158565,57205,13760,11300789,362454,,Partner,False,English,https://www.twitch.tv/shroud
11,https://static-cdn.jtvnw.net/jtv_user_pictures/f3591dbe4ee3d94b-profile_image-150x150.png?imenable=1&impolicy=user-profile-picture&imwidth=100,loltyler1,2081876505,131190,68656,15869,5496662,127957,,Partner,False,English,https://www.twitch.tv/loltyler1
12,https://static-cdn.jtvnw.net/jtv_user_pictures/c1ecbcd5-b8b6-4e0c-9d5f-e01d610aa97d-profile_image-150x150.png?imenable=1&impolicy=user-profile-picture&imwidth=100,ESLCS,2059974195,465240,226273,4428,6807320,193015,,Partner,False,English,https://www.twitch.tv/eslcs
13,https://static-cdn.jtvnw.net/jtv_user_pictures/38e925fc-0b07-4e1e-82e2-6639e01344f3-profile_image-150x150.png?imenable=1&impolicy=user-profile-picture&imwidth=100,LIRIK,1972137540,125865,42265,15668,2996817,26235,,Partner,False,English,https://www.twitch.tv/lirik
14,https://static-cdn.jtvnw.net/jtv_user_pictures/9a1edcb1-7d62-48ab-b071-1ef64ab0f629-profile_image-150x150.png?imenable=1&impolicy=user-profile-picture&imwidth=100,PirateSoftware,1941153375,170355,54841,11394,872417,962587,,Partner,False,English,https://www.twitch.tv/piratesoftware
15,https://static-cdn.jtvnw.net/jtv_user_pictures/5742b015-e6ed-4f7c-a1dd-87cd88fe1eb9-profile_image-150x150.png?imenable=1&impolicy=user-profile-picture&imwidth=100,ohnePixel,1937130465,83985,166356,23065,2930487,442062,,Partner,False,English,https://www.twitch.tv/ohnepixel
16,https://static-cdn.jtvnw.net/jtv_user_pictures/2f5addde-fd0d-4a10-82a9-ea91ebb17f8d-profile_image-150x150.png?imenable=1&impolicy=user-profile-picture&imwidth=100,Quin69,1807046535,186000,59450,9715,950819,76672,,Partner,False,English,https://www.twitch.tv/quin69
17,https://static-cdn.jtvnw.net/jtv_user_pictures/14f0fcfd-00d4-4004-9379-93e0c6336f5e-profile_image-150x150.png?imenable=1&impolicy=user-profile-picture&imwidth=100,PlaqueBoyMax,1765498245,137595,52135,12831,2436241,806999,,Partner,False,English,https://www.twitch.tv/plaqueboymax
18,https://static-cdn.jtvnw.net/jtv_user_pictures/0b0601ac-1ec9-4d63-89a4-f8d3d14e6e78-profile_image-150x150.png?imenable=1&impolicy=user-profile-picture&imwidth=100,Mizkif,1694396790,79095,81632,21422,2156606,59878,,Partner,False,English,https://www.twitch.tv/mizkif
19,https://static-cdn.jtvnw.net/jtv_user_pictures/a04be2b0-9cc1-403c-a4b0-47b32d1fe640-profile_image-150x150.png?imenable=1&impolicy=user-profile-picture&imwidth=100,jasontheween,1683431940,158235,69068,10638,2296742,731461,,Partner,False,English,https://www.twitch.tv/jasontheween
20,https://static-cdn.jtvnw.net/jtv_user_pictures/020d2ed3-c2f2-4d33-805f-92cf966a9c43-profile_image-150x150.png?imenable=1&impolicy=user-profile-picture&imwidth=100,stableronaldo,1661540910,131385,94114,12646,4712149,753400,,Partner,False,English,https://www.twitch.tv/stableronaldo
21,https://static-cdn.jtvnw.net/jtv_user_pictures/xqc-profile_image-9298dca608632101-150x150.jpeg?imenable=1&impolicy=user-profile-picture&imwidth=100,xQc,1624099275,55005,70547,29526,12520525,52172,,Partner,False,English,https://www.twitch.tv/xqc
22,https://static-cdn.jtvnw.net/jtv_user_pictures/c2aca19b-b318-4398-99a5-fb6a597536fd-profile_image-150x150.png?imenable=1&impolicy=user-profile-picture&imwidth=100,ironmouse,1609955820,191805,36838,8393,2435431,397665,,Partner,False,English,https://www.twitch.tv/ironmouse
23,https://static-cdn.jtvnw.net/jtv_user_pictures/50e4e7b2-ae1c-43dd-ae3a-243de06a9034-profile_image-150x150.png?imenable=1&impolicy=user-profile-picture&imwidth=100,k3soju,1590891285,116910,25376,13607,666717,67024,,Partner,False,English,https://www.twitch.tv/k3soju
24,https://static-cdn.jtvnw.net/jtv_user_pictures/48487d3b-e713-4a49-ad35-dec6ab7d690e-profile_image-150x150.png?imenable=1&impolicy=user-profile-picture&imwidth=100,Lacy,1575455805,158745,44732,9924,2594232,854462,,Partner,False,English,https://www.twitch.tv/lacy
25,https://static-cdn.jtvnw.net/jtv_user_pictures/fc7b15b2-e400-4e74-8c8b-2ad3725e5770-profile_image-150x150.png?imenable=1&impolicy=user-profile-picture&imwidth=100,sodapoppin,1573730595,116655,67788,13490,8966121,33338,,Partner,False,English,https://www.twitch.tv/sodapoppin
26,https://static-cdn.jtvnw.net/jtv_user_pictures/gorgc-profile_image-469e05d25a1e8594-150x150.jpeg?imenable=1&impolicy=user-profile-picture&imwidth=100,Gorgc,1482214920,156570,32523,9466,774286,42029,,Partner,False,English,https://www.twitch.tv/gorgc
27,https://static-cdn.jtvnw.net/jtv_user_pictures/476ee93d-66a6-4e57-b3a9-db1ceb168ad8-profile_image-150x150.png?imenable=1&impolicy=user-profile-picture&imwidth=100,EsfandTV,1477893600,216150,61987,6837,1371346,106992,,Partner,False,English,https://www.twitch.tv/esfandtv
28,https://static-cdn.jtvnw.net/jtv_user_pictures/f700cd74-e74c-42a4-ba5b-18efb486eb92-profile_image-150x150.png?imenable=1&impolicy=user-profile-picture&imwidth=100,Clix,1475828415,111225,147735,13268,8581081,1114418,,Partner,False,English,https://www.twitch.tv/clix
29,https://static-cdn.jtvnw.net/jtv_user_pictures/b3fc1f16-0818-4121-8711-c31b9469bc21-profile_image-150x150.png?imenable=1&impolicy=user-profile-picture&imwidth=100,GamesDoneQuick,1383661155,256410,90139,5396,2071075,51828,,Partner,False,English,https://www.twitch.tv/gamesdonequick
30,https://static-cdn.jtvnw.net/jtv_user_pictures/3973e918fe7cc8c8-profile_image-150x150.png?imenable=1&impolicy=user-profile-picture&imwidth=100,MOONMOON,1340958735,113565,29968,11807,1183323,11109,,Partner,False,English,https://www.twitch.tv/moonmoon
31,https://static-cdn.jtvnw.net/jtv_user_pictures/e85bf53e-8e0a-4a35-824d-d2958293c3a6-profile_image-150x150.png?imenable=1&impolicy=user-profile-picture&imwidth=100,Elajjaz,1336605045,151725,21695,8809,532700,37118,,Partner,False,English,https://www.twitch.tv/elajjaz
32,https://static-cdn.jtvnw.net/jtv_user_pictures/35b02a12-d516-499e-90f8-7899f136fa18-profile_image-150x150.png?imenable=1&impolicy=user-profile-picture&imwidth=100,riotgames,1309836330,26505,591778,49418,7358758,469385,,Partner,False,English,https://www.twitch.tv/riotgames
33,https://static-cdn.jtvnw.net/jtv_user_pictures/8dcaf96d-68ee-4fc6-bfdc-fdfc564e134a-profile_image-150x150.png?imenable=1&impolicy=user-profile-picture&imwidth=100,LVNDMARK,1250445405,159990,83905,7815,1483913,127236,,Partner,False,English,https://www.twitch.tv/lvndmark
34,https://static-cdn.jtvnw.net/jtv_user_pictures/6d306649-dd15-4db8-82d8-655694ba692f-profile_image-150x150.png?imenable=1&impolicy=user-profile-picture&imwidth=100,ImperialHal__,1222534470,126870,55047,9636,2097677,93805,,Partner,False,English,https://www.twitch.tv/imperialhal__
35,https://static-cdn.jtvnw.net/jtv_user_pictures/c0a4ea0a-77ad-441e-b29f-d95463b7ef47-profile_image-150x150.png?imenable=1&impolicy=user-profile-picture&imwidth=100,PGL,1204069440,29655,494300,40602,1978451,308494,,Partner,False,English,https://www.twitch.tv/pgl
36,https://static-cdn.jtvnw.net/jtv_user_pictures/04c65db8-ef62-4fb5-8cff-09f0521de151-profile_image-150x150.png?imenable=1&impolicy=user-profile-picture&imwidth=100,Thebausffs,1200397095,90390,76490,13280,1613557,204649,,Partner,False,English,https://www.twitch.tv/thebausffs
37,https://static-cdn.jtvnw.net/jtv_user_pictures/1a1ec480-ecc9-4272-bea5-de95476b4dfa-profile_image-150x150.png?imenable=1&impolicy=user-profile-picture&imwidth=100,mira,1177550550,519915,7536,2264,808025,204292,,Partner,False,English,https://www.twitch.tv/mira
38,https://static-cdn.jtvnw.net/jtv_user_pictures/a83b628d80bcbe4f-profile_image-150x150.png?imenable=1&impolicy=user-profile-picture&imwidth=100,Agent00,1130958240,107130,56825,10556,3304244,808135,,Partner,False,English,https://www.twitch.tv/agent00
39,https://static-cdn.jtvnw.net/jtv_user_pictures/148c3b8a-a78b-4139-a429-7d3d90ce8a27-profile_image-150x150.png?imenable=1&impolicy=user-profile-picture&imwidth=100,CohhCarnage,1056426345,142185,30851,7429,1714648,62932,,Partner,False,English,https://www.twitch.tv/cohhcarnage
40,https://static-cdn.jtvnw.net/jtv_user_pictures/3313f669-483c-4f60-bab4-c6e37bae2ecd-profile_image-150x150.png?imenable=1&impolicy=user-profile-picture&imwidth=100,ESL_DOTA2,1045692525,509070,83120,2054,866271,68995,,Partner,False,English,https://www.twitch.tv/esl_dota2
41,https://static-cdn.jtvnw.net/jtv_user_pictures/929b9591-07c5-4adb-adf0-5f0897332391-profile_image-150x150.png?imenable=1&impolicy=user-profile-picture&imwidth=100,Rainbow6,1042359900,103530,115133,10068,3249894,237774,,Partner,False,English,https://www.twitch.tv/rainbow6
42,https://static-cdn.jtvnw.net/jtv_user_pictures/5efe32b5-32a1-43dc-805e-c63302f95bee-profile_image-150x150.png?imenable=1&impolicy=user-profile-picture&imwidth=100,angryginge13,1030905615,104265,84126,9887,1586896,491709,,Partner,False,English,https://www.twitch.tv/angryginge13
43,https://static-cdn.jtvnw.net/jtv_user_pictures/e4d9bf96-311d-487a-b5eb-9f9a94e0f795-profile_image-150x150.png?imenable=1&impolicy=user-profile-picture&imwidth=100,Nmplol,1016299380,55800,78611,18213,1201352,120744,,Partner,False,English,https://www.twitch.tv/nmplol
44,https://static-cdn.jtvnw.net/jtv_user_pictures/c9f74581-c0e8-4638-8629-51dbfe401335-profile_image-150x150.png?imenable=1&impolicy=user-profile-picture&imwidth=100,Emiru,1015601250,55020,59087,18458,2116763,322951,,Partner,False,English,https://www.twitch.tv/emiru
45,https://static-cdn.jtvnw.net/jtv_user_pictures/e086d0a4-781d-49d6-9732-2d8f9516f9c0-profile_image-150x150.png?imenable=1&impolicy=user-profile-picture&imwidth=100,s0mcs,1011593745,109365,30261,9249,1324442,227439,,Partner,False,English,https://www.twitch.tv/s0mcs
46,https://static-cdn.jtvnw.net/jtv_user_pictures/maximilian_dood-profile_image-c6e12e1798861491-150x150.png?imenable=1&impolicy=user-profile-picture&imwidth=100,Maximilian_DOOD,1006250355,105480,49930,9539,1361738,78086,,Partner,False,English,https://www.twitch.tv/maximilian_dood
47,https://static-cdn.jtvnw.net/jtv_user_pictures/d0bd11ee-bd2e-4143-9171-b0b85875a94a-profile_image-150x150.png?imenable=1&impolicy=user-profile-picture&imwidth=100,LCK,1000727025,37995,206376,26338,2061479,165441,,Partner,False,English,https://www.twitch.tv/lck
48,https://static-cdn.jtvnw.net/jtv_user_pictures/d5a4b94c-5f59-4136-9e00-3311b06fdc63-profile_image-150x150.png?imenable=1&impolicy=user-profile-picture&imwidth=100,BLASTPremier,990310095,35355,243015,28010,2350285,135172,,Partner,False,English,https://www.twitch.tv/blastpremier
49,https://static-cdn.jtvnw.net/jtv_user_pictures/b532ac95-4050-42cb-9d5d-9666a243654c-profile_image-150x150.png?imenable=1&impolicy=user-profile-picture&imwidth=100,ow_esports,946832130,58305,63087,16239,2407779,196761,,Partner,False,English,https://www.twitch.tv/ow_esports
50,https://static-cdn.jtvnw.net/jtv_user_pictures/c77578ad-30c0-47dd-b3a5-d0a51bc1a3ea-profile_image-150x150.png?imenable=1&impolicy=user-profile-picture&imwidth=100,Ramee,907401810,133065,26078,6819,594308,95233,,Partner,False,English,https://www.twitch.tv/ramee
1,https://static-cdn.jtvnw.net/jtv_user_pictures/bf6a04cf-3f44-4986-8eed-5c36bfad542b-profile_image-150x150.png?imenable=1&impolicy=user-profile-picture&imwidth=100,KaiCenat,7959901755,74715,879383,106536,19852125,4023562,,Partner,False,English,https://www.twitch.tv/kaicenat
2,https://static-cdn.jtvnw.net/jtv_user_pictures/483a37ac-58fd-4e2f-8dc3-2c68a0164112-profile_image-150x150.png?imenable=1&impolicy=user-profile-picture&imwidth=100,Caedrel,6533337435,144390,422291,45247,1579991,401921,,Partner,False,English,https://www.twitch.tv/caedrel
3,https://static-cdn.jtvnw.net/jtv_user_pictures/a9ce83ba-c0bd-49cc-83bd-9d17647a211a-profile_image-150x150.png?imenable=1&impolicy=user-profile-picture&imwidth=100,zackrawrr,5215805655,119265,309124,43732,2402428,222037,,Partner,False,English,https://www.twitch.tv/zackrawrr
4,https://static-cdn.jtvnw.net/jtv_user_pictures/0347a9aa-e396-49a5-b0f1-31261704bab8-profile_image-150x150.jpeg?imenable=1&impolicy=user-profile-picture&imwidth=100,HasanAbi,4714125675,152715,222977,30868,3059503,174798,,Partner,False,English,https://www.twitch.tv/hasanabi
5,https://static-cdn.jtvnw.net/jtv_user_pictures/645d98a0-a2eb-48a3-b687-cfbc55243e4a-profile_image-150x150.png?imenable=1&impolicy=user-profile-picture&imwidth=100,Jynxzi,4359162375,156930,123302,27777,10652899,1892151,,Partner,False,English,https://www.twitch.tv/jynxzi
6,https://static-cdn.jtvnw.net/jtv_user_pictures/ef28ba12-c8ed-46d4-838b-a4c95ef5b469-profile_image-150x150.png?imenable=1&impolicy=user-profile-picture&imwidth=100,caseoh_,3703598685,72555,98706,51045,8679697,1593688,,Partner,False,English,https://www.twitch.tv/caseoh_
7,https://static-cdn.jtvnw.net/jtv_user_pictures/48487d3b-e713-4a49-ad35-dec6ab7d690e-profile_image-150x150.png?imenable=1&impolicy=user-profile-picture&imwidth=100,Lacy,2800325430,164205,105914,17054,2594232,1037797,,Partner,False,English,https://www.twitch.tv/lacy
8,https://static-cdn.jtvnw.net/jtv_user_pictures/99aa4739-21d6-40af-86ae-4b4d3457fce4-profile_image-150x150.png?imenable=1&impolicy=user-profile-picture&imwidth=100,summit1g,2672044395,269100,29935,9929,6401532,68097,,Partner,False,English,https://www.twitch.tv/summit1g
9,https://static-cdn.jtvnw.net/jtv_user_pictures/5742b015-e6ed-4f7c-a1dd-87cd88fe1eb9-profile_image-150x150.png?imenable=1&impolicy=user-profile-picture&imwidth=100,ohnePixel,2662555035,76920,298362,34614,2930487,827006,,Partner,False,English,https://www.twitch.tv/ohnepixel
10,https://static-cdn.jtvnw.net/jtv_user_pictures/xqc-profile_image-9298dca608632101-150x150.jpeg?imenable=1&impolicy=user-profile-picture&imwidth=100,xQc,2619476550,115995,211423,22582,12520525,224657,,Partner,False,English,https://www.twitch.tv/xqc
11,https://static-cdn.jtvnw.net/jtv_user_pictures/a04be2b0-9cc1-403c-a4b0-47b32d1fe640-profile_image-150x150.png?imenable=1&impolicy=user-profile-picture&imwidth=100,jasontheween,2604028020,130725,118191,19919,2296742,1008017,,Partner,False,English,https://www.twitch.tv/jasontheween
12,https://static-cdn.jtvnw.net/jtv_user_pictures/020d2ed3-c2f2-4d33-805f-92cf966a9c43-profile_image-150x150.png?imenable=1&impolicy=user-profile-picture&imwidth=100,stableronaldo,2510576085,129720,115643,19353,4712149,707063,,Partner,False,English,https://www.twitch.tv/stableronaldo
13,https://static-cdn.jtvnw.net/jtv_user_pictures/c754eebf-745b-4e0a-814a-10bcaecaabbc-profile_image-150x150.png?imenable=1&impolicy=user-profile-picture&imwidth=100,shroud,2261562225,177600,96765,12734,11300789,236957,,Partner,False,English,https://www.twitch.tv/shroud
14,https://static-cdn.jtvnw.net/jtv_user_pictures/14f0fcfd-00d4-4004-9379-93e0c6336f5e-profile_image-150x150.png?imenable=1&impolicy=user-profile-picture&imwidth=100,PlaqueBoyMax,1974591210,68955,196138,28635,2436241,900682,,Partner,False,English,https://www.twitch.tv/plaqueboymax
15,https://static-cdn.jtvnw.net/jtv_user_pictures/d5a4b94c-5f59-4136-9e00-3311b06fdc63-profile_image-150x150.png?imenable=1&impolicy=user-profile-picture&imwidth=100,BLASTPremier,1942487010,117375,274849,16549,2350285,280437,,Partner,False,English,https://www.twitch.tv/blastpremier
16,https://static-cdn.jtvnw.net/jtv_user_pictures/8dcaf96d-68ee-4fc6-bfdc-fdfc564e134a-profile_image-150x150.png?imenable=1&impolicy=user-profile-picture&imwidth=100,LVNDMARK,1930019070,176445,114077,10938,1483913,147628,,Partner,False,English,https://www.twitch.tv/lvndmark
17,https://static-cdn.jtvnw.net/jtv_user_pictures/058ee082-68f4-417b-8f8b-8c3ad42468ac-profile_image-150x150.png?imenable=1&impolicy=user-profile-picture&imwidth=100,TheBurntPeanut,1837695780,151305,88552,12145,2360379,1299950,,Partner,False,English,https://www.twitch.tv/theburntpeanut
18,https://static-cdn.jtvnw.net/jtv_user_pictures/01d55c0b-9cfc-4a3d-a622-1bc2b3300f5e-profile_image-150x150.png?imenable=1&impolicy=user-profile-picture&imwidth=100,DDG,1830634770,129180,205741,14171,2199791,1706568,,Partner,False,English,https://www.twitch.tv/ddg
19,https://static-cdn.jtvnw.net/jtv_user_pictures/70c63d12-ecae-485c-9bca-3d3f3ad5782a-profile_image-150x150.png?imenable=1&impolicy=user-profile-picture&imwidth=100,yourragegaming,1689306285,107235,61572,15753,2096794,314167,,Partner,False,English,https://www.twitch.tv/yourragegaming
20,https://static-cdn.jtvnw.net/jtv_user_pictures/c1ecbcd5-b8b6-4e0c-9d5f-e01d610aa97d-profile_image-150x150.png?imenable=1&impolicy=user-profile-picture&imwidth=100,ESLCS,1622927190,475245,198900,3414,6807320,178469,,Partner,False,English,https://www.twitch.tv/eslcs
21,https://static-cdn.jtvnw.net/jtv_user_pictures/38e925fc-0b07-4e1e-82e2-6639e01344f3-profile_image-150x150.png?imenable=1&impolicy=user-profile-picture&imwidth=100,LIRIK,1620703755,121665,34248,13321,2996817,12889,,Partner,False,English,https://www.twitch.tv/lirik
22,https://static-cdn.jtvnw.net/jtv_user_pictures/f04d2a14-8d63-4cd5-a469-7ec2cd6e5ce3-profile_image-150x150.png?imenable=1&impolicy=user-profile-picture&imwidth=100,tarik,1556039160,94500,104971,16465,3313124,71159,,Partner,False,English,https://www.twitch.tv/tarik
23,https://static-cdn.jtvnw.net/jtv_user_pictures/2f5addde-fd0d-4a10-82a9-ea91ebb17f8d-profile_image-150x150.png?imenable=1&impolicy=user-profile-picture&imwidth=100,Quin69,1529110140,173115,39204,8832,950819,58148,,Partner,False,English,https://www.twitch.tv/quin69
24,https://static-cdn.jtvnw.net/jtv_user_pictures/a83b628d80bcbe4f-profile_image-150x150.png?imenable=1&impolicy=user-profile-picture&imwidth=100,Agent00,1504290000,108795,99323,13826,3304244,1043279,,Partner,False,English,https://www.twitch.tv/agent00
25,https://static-cdn.jtvnw.net/jtv_user_pictures/c9f74581-c0e8-4638-8629-51dbfe401335-profile_image-150x150.png?imenable=1&impolicy=user-profile-picture&imwidth=100,Emiru,1436448405,75420,60629,19046,2116763,301532,,Partner,False,English,https://www.twitch.tv/emiru
26,https://static-cdn.jtvnw.net/jtv_user_pictures/fc7b15b2-e400-4e74-8c8b-2ad3725e5770-profile_image-150x150.png?imenable=1&impolicy=user-profile-picture&imwidth=100,sodapoppin,1357473270,99555,149178,13635,8966121,38330,,Partner,False,English,https://www.twitch.tv/sodapoppin
27,https://static-cdn.jtvnw.net/jtv_user_pictures/3973e918fe7cc8c8-profile_image-150x150.png?imenable=1&impolicy=user-profile-picture&imwidth=100,MOONMOON,1355495235,120045,22260,11291,1183323,2625,,Partner,False,English,https://www.twitch.tv/moonmoon
28,https://static-cdn.jtvnw.net/jtv_user_pictures/7dcd89d5-6700-4b05-b9c9-c7dac61c32db-profile_image-150x150.png?imenable=1&impolicy=user-profile-picture&imwidth=100,TimTheTatman,1314719295,101280,206202,12981,7612246,555430,,Partner,False,English,https://www.twitch.tv/timthetatman
29,https://static-cdn.jtvnw.net/jtv_user_pictures/b3fc1f16-0818-4121-8711-c31b9469bc21-profile_image-150x150.png?imenable=1&impolicy=user-profile-picture&imwidth=100,GamesDoneQuick,1267815855,292770,90578,4330,2071075,28853,,Partner,False,English,https://www.twitch.tv/gamesdonequick
30,https://static-cdn.jtvnw.net/jtv_user_pictures/e85bf53e-8e0a-4a35-824d-d2958293c3a6-profile_image-150x150.png?imenable=1&impolicy=user-profile-picture&imwidth=100,Elajjaz,1257374130,155025,24097,8110,532700,19752,,Partner,False,English,https://www.twitch.tv/elajjaz
31,https://static-cdn.jtvnw.net/jtv_user_pictures/3799fbb2-e701-4ae9-9a48-48214d31579b-profile_image-150x150.png?imenable=1&impolicy=user-profile-picture&imwidth=100,Adapt,1187066295,121470,88988,9772,1490555,802111,,Partner,False,English,https://www.twitch.tv/adapt
32,https://static-cdn.jtvnw.net/jtv_user_pictures/04c65db8-ef62-4fb5-8cff-09f0521de151-profile_image-150x150.png?imenable=1&impolicy=user-profile-picture&imwidth=100,Thebausffs,1174264845,90330,48905,12999,1613557,189173,,Partner,False,English,https://www.twitch.tv/thebausffs
33,https://static-cdn.jtvnw.net/jtv_user_pictures/c2aca19b-b318-4398-99a5-fb6a597536fd-profile_image-150x150.png?imenable=1&impolicy=user-profile-picture&imwidth=100,ironmouse,1154560905,145545,30707,7932,2435431,172998,,Partner,False,English,https://www.twitch.tv/ironmouse
34,https://static-cdn.jtvnw.net/jtv_user_pictures/be4e8251-2cd7-453c-8a83-41412cfa48dc-profile_image-150x150.png?imenable=1&impolicy=user-profile-picture&imwidth=100,Lord_Kebun,1101629610,120885,17862,9113,708949,19264,,Partner,False,English,https://www.twitch.tv/lord_kebun
35,https://static-cdn.jtvnw.net/jtv_user_pictures/pikabooirl-profile_image-05cde7918d476f0b-150x150.jpeg?imenable=1&impolicy=user-profile-picture&imwidth=100,Pikabooirl,1067722770,180735,48609,5907,641802,132062,,Partner,False,English,https://www.twitch.tv/pikabooirl
36,https://static-cdn.jtvnw.net/jtv_user_pictures/gorgc-profile_image-469e05d25a1e8594-150x150.jpeg?imenable=1&impolicy=user-profile-picture&imwidth=100,Gorgc,1061235660,143910,26531,7374,774286,22548,,Partner,False,English,https://www.twitch.tv/gorgc
37,https://static-cdn.jtvnw.net/jtv_user_pictures/148c3b8a-a78b-4139-a429-7d3d90ce8a27-profile_image-150x150.png?imenable=1&impolicy=user-profile-picture&imwidth=100,CohhCarnage,1056885165,139830,29527,7558,1714648,82981,,Partner,False,English,https://www.twitch.tv/cohhcarnage
38,https://static-cdn.jtvnw.net/jtv_user_pictures/50e4e7b2-ae1c-43dd-ae3a-243de06a9034-profile_image-150x150.png?imenable=1&impolicy=user-profile-picture&imwidth=100,k3soju,1023633000,81390,23727,12576,666717,39309,,Partner,False,English,https://www.twitch.tv/k3soju
39,https://static-cdn.jtvnw.net/jtv_user_pictures/9a1edcb1-7d62-48ab-b071-1ef64ab0f629-profile_image-150x150.png?imenable=1&impolicy=user-profile-picture&imwidth=100,PirateSoftware,1011690870,180315,199442,5610,872417,-291326,,Partner,False,English,https://www.twitch.tv/piratesoftware
40,https://static-cdn.jtvnw.net/jtv_user_pictures/4d2f4f20-4dba-4866-8a41-542378cb7089-profile_image-150x150.png?imenable=1&impolicy=user-profile-picture&imwidth=100,ExtraEmily,995991180,85365,54022,11667,977501,447070,,Partner,False,English,https://www.twitch.tv/extraemily
41,https://static-cdn.jtvnw.net/jtv_user_pictures/6d33e15c-f918-468f-9a29-f56399786532-profile_image-150x150.png?imenable=1&impolicy=user-profile-picture&imwidth=100,Pestily,968802330,135255,110199,7162,1480663,88557,,Partner,False,English,https://www.twitch.tv/pestily
42,https://static-cdn.jtvnw.net/jtv_user_pictures/f700cd74-e74c-42a4-ba5b-18efb486eb92-profile_image-150x150.png?imenable=1&impolicy=user-profile-picture&imwidth=100,Clix,953127375,94140,80344,10124,8581081,470666,,Partner,False,English,https://www.twitch.tv/clix
43,https://static-cdn.jtvnw.net/jtv_user_pictures/0b0601ac-1ec9-4d63-89a4-f8d3d14e6e78-profile_image-150x150.png?imenable=1&impolicy=user-profile-picture&imwidth=100,Mizkif,947626485,55950,84842,16936,2156606,26638,,Partner,False,English,https://www.twitch.tv/mizkif
44,https://static-cdn.jtvnw.net/jtv_user_pictures/5efe32b5-32a1-43dc-805e-c63302f95bee-profile_image-150x150.png?imenable=1&impolicy=user-profile-picture&imwidth=100,angryginge13,942235875,105555,62980,8926,1586896,289752,,Partner,False,English,https://www.twitch.tv/angryginge13
45,https://static-cdn.jtvnw.net/jtv_user_pictures/forsen-profile_image-48b43e1e4f54b5c8-150x150.png?imenable=1&impolicy=user-profile-picture&imwidth=100,forsen,924185925,117495,85620,7865,1784606,13134,,Partner,False,English,https://www.twitch.tv/forsen
46,https://static-cdn.jtvnw.net/jtv_user_pictures/f3591dbe4ee3d94b-profile_image-150x150.png?imenable=1&impolicy=user-profile-picture&imwidth=100,loltyler1,920859705,83775,120622,10992,5496662,64325,,Partner,False,English,https://www.twitch.tv/loltyler1
47,https://static-cdn.jtvnw.net/jtv_user_pictures/ba5e4714-b7dd-43f5-9c62-df0c91647482-profile_image-150x150.png?imenable=1&impolicy=user-profile-picture&imwidth=100,Dakillzor,913313010,286305,29439,3189,333783,52638,,Partner,False,English,https://www.twitch.tv/dakillzor
48,https://static-cdn.jtvnw.net/jtv_user_pictures/bde8aaf5-35d4-4503-9797-842401da900f-profile_image-150x150.png?imenable=1&impolicy=user-profile-picture&imwidth=100,Ludwig,908046375,91785,63052,9893,3651851,309257,,Partner,False,English,https://www.twitch.tv/ludwig
49,https://static-cdn.jtvnw.net/jtv_user_pictures/929b9591-07c5-4adb-adf0-5f0897332391-profile_image-150x150.png?imenable=1&impolicy=user-profile-picture&imwidth=100,Rainbow6,886025325,95880,159955,9241,3249894,241564,,Partner,False,English,https://www.twitch.tv/rainbow6
50,https://static-cdn.jtvnw.net/jtv_user_pictures/ac368118-71cb-4340-be81-afa99abafdba-profile_image-150x150.png?imenable=1&impolicy=user-profile-picture&imwidth=100,QuickyBaby,866059770,136755,30778,6333,686727,41748,,Partner,False,English,https://www.twitch.tv/quickybaby
